check_id,shop_name,datetime,sum
0,Не известно,2017-12-30 19:15:00,520.1
1,ЕВРОПА,2018-01-03 18:01:29,188.0
2,ПродвижениеФарм,2017-12-23 11:37:00,377.0
3,Не известно,2017-12-23 14:01:00,1024.0
4,ИП Роздухов М. Е.,2018-01-03 12:24:00,1542.16
5,ОРЕОЛ,2018-01-03 19:06:00,561.0
6,Агроторг,2018-01-03 19:25:00,204.0
7,Агроторг,2017-12-24 20:15:00,1029.08
8,Тандер,2018-01-02 16:55:00,296.8
9,,2017-12-03 13:08:00,403.0
10,Новый Книжный М,2017-12-29 12:54:18,304.0
11,,2017-12-28 11:37:00,759.0
12,АШАН,2017-12-28 12:06:00,98.3
13,ОБЩЕСТВО С ОГРАНИЧЕННОЙ ОТВЕТСТВЕННОСТЬЮ ОСТИН,2017-12-24 18:28:00,538.0
14,Андора,2017-12-27 20:00:40,431.5
15,Газпромнефть-Центр,2017-11-30 13:58:00,1999.89
16,Табер Трейд,2017-12-28 18:47:46,269.0
17,ЭЛЕКТРОСТАЛЬСКИЙ ЦЕНТР УСЛУГ,2017-12-27 11:36:00,7371.0
18,Табер Трейд,2017-12-07 19:26:06,1081.0
19,Агроторг,2017-12-30 17:08:00,100.0
20,МЕРИДИАНА,2018-01-04 09:49:00,246.9
21,Агроторг,2018-01-01 15:12:00,101.4
30,ТД Перекресток,2018-01-04 11:15:00,827.0
31,АШАН,2018-01-04 12:39:00,584.0
32,ДЕТСКИЙ МИР,2018-01-04 12:12:00,1371.0
33,О Глория Джинс,2018-01-04 12:03:00,400.0
34,Лента,2018-01-02 13:38:00,258.0
35,Газпромнефть-Центр,2018-01-03 15:06:00,592.5
36,РН-Москва,2017-12-31 10:27:00,1212.24
37,Лента,2017-12-30 10:25:00,913.0
38,Лента,2018-01-04 12:54:00,2549.0
39,Агроторг,2018-01-04 15:56:00,180.0
41,Не известно,2018-01-02 12:50:00,505.19
42,О`КЕЙ,2018-01-04 19:32:00,325.5
43,О`КЕЙ,2018-01-04 19:01:00,1311.5
44,ОБЩЕСТВО С ОГРАНИЧЕННОЙ ОТВЕТСТВЕННОСТЬЮ ОСТИН,2018-01-04 14:28:00,149.0
45,ОГУП <ЛИПЕЦKФАРМАЦИЯ>,2018-01-04 17:50:00,375.0
46,<ЛАСЕРТА №5>,2018-01-03 11:34:00,13080.0
47,Тандер,2018-01-04 19:56:00,158.3
48,Объединенные Системы Сбора Платы,2018-01-04 15:30:00,130.0
49,,2017-12-25 16:35:00,77.0
59,Не известно,2017-12-30 12:38:00,100.0
62,Тандер,2018-01-04 21:30:00,2056.05
63,Лента,2017-12-30 21:33:00,2047.0
64,Лента,2017-12-15 22:55:00,619.0
65,Эркафарм Северо-запад,2018-01-04 16:04:00,175.0
66,Не известно,2017-12-26 18:56:00,260.6
67,ТОРГОВЫЙ ДОМ,2018-01-03 21:34:00,308.85
68,Котон Текстиль,2018-01-04 16:19:00,4498.0
69,АКТИВ,2017-12-22 20:04:00,5515.9
70,СПАР МИДДЛ ВОЛГА,2018-01-02 15:12:00,496.92
73,ТД Интерторг,2018-01-03 23:04:00,229.0
74,Дикси ЮГ,2017-12-30 18:12:00,1120.0
75,АГРОТОРГ,2017-12-30 18:57:00,922.0
76,Дикси ЮГ,2017-12-30 18:10:00,189.0
77,Агроторг,2017-12-31 17:57:00,340.0
78,МЕРИДИАНА,2018-01-05 11:37:00,59.5
79,,2018-01-05 16:01:00,20.0
85,Бэст Прайс,2017-10-23 10:56:00,50.0
86,,2018-01-05 10:59:00,685.8
87,Лента,2018-01-05 11:23:00,1411.0
88,ИКЕА ДОМ,2018-01-02 16:24:00,1011.0
89,Не известно,2017-12-29 11:14:00,2590.0
90,Теремок - Русские Блины,2017-12-26 14:01:24,270.0
91,Эркафарм Северо-запад,2017-12-28 19:53:00,1506.0
92,АШАН,2017-12-25 17:42:00,1883.05
93,Не известно,2017-12-23 17:49:00,1820.05
94,ИП Туркин И.А.,2018-01-05 12:43:00,1070.0
95,Тандер,2018-01-03 13:21:00,636.0
96,Ирна,2018-01-05 19:29:00,692.0
97,З Москва-Макдоналдс,2017-12-12 09:28:56,225.0
98,Бургер Рус,2017-12-11 09:32:00,85.0
99,"Элемент-Трейд                            Сургут, Мира 15",2018-01-05 15:10:00,1073.0
100,Лента,2017-12-24 14:28:00,10490.0
101,Лента,2017-12-17 14:39:00,11095.0
102,Касторама РУС,2018-01-04 17:40:00,929.0
103,КЕА Груп,2017-12-27 10:48:00,319.0
104,Тандер,2018-01-02 11:42:00,549.3
105,ИП Шухов Б.А.,2018-01-05 14:32:00,293.0
106,Тандер,2018-01-02 15:04:00,558.0
107,ГЭС розница,2018-01-04 14:49:00,0.0
108,Не известно,2018-01-05 16:35:00,389.95
109,ЛУКОЙЛ-Северо-Западнефтепродукт,2018-01-03 11:56:00,1021.5
110,Лента,2018-01-05 17:33:00,819.0
111,ТД Интерторг,2018-01-05 10:11:00,47.5
112,ДЕТСКИЙ МИР,2018-01-05 15:54:00,1199.0
113,Не известно,2018-01-05 15:32:00,999.0
114,Анжела,2018-01-05 17:48:43,536.0
115,САKУРА,2018-01-04 13:27:00,5535.0
116,Лента,2018-01-05 19:26:00,2920.0
117,Дикси ЮГ,2018-01-05 17:55:00,205.0
118,АГРОТОРГ,2018-01-05 18:30:00,976.0
119,АГРОТОРГ,2018-01-05 17:28:00,520.0
120,АГРОТОРГ,2018-01-05 13:11:00,421.0
121,Союз Св. Иоанна Воина,2018-01-05 17:16:00,79.9
122,Не известно,2018-01-05 20:11:00,300.0
123,Т и К Продукты,2018-01-05 18:48:00,504.0
124,РКЦ-Димитровград,2017-11-13 16:39:00,5000.0
125,О'КЕЙ,2018-01-05 21:28:00,2835.0
126,Связной Логистика,2018-01-05 14:16:00,500.0
127,,2018-01-06 12:23:00,73.5
128,НИВА,2018-01-04 12:27:00,189.31
129,МЕРИДИАНА,2018-01-06 15:44:00,1385.47
130,Бургер Рус,2018-01-02 17:17:00,138.0
131,МАКДОНАЛДС,2018-01-06 11:56:56,161.0
132,АМЕТИСТ,2018-01-06 18:54:00,2517.0
133,Тандер,2017-12-18 19:54:00,498.0
134,Тандер,2018-01-05 17:14:00,614.59
135,Не известно,2017-12-30 16:18:00,248.6
136,Тандер,2017-12-30 16:26:00,349.7
137,Агроторг,2018-01-06 14:25:00,1140.91
138,АТАК,2018-01-04 14:52:00,773.4
139,Не известно,2017-12-26 16:08:00,4256.0
140,Не известно,2018-01-06 12:22:00,328.0
141,ИП Моисеева Е.В.,2017-12-18 12:47:00,277.88
142,МАКДОНАЛДС,2018-01-06 14:45:43,332.0
143,Стимул,2018-01-06 14:35:00,106.4
144,Лента,2018-01-06 14:15:00,4817.0
145,Теремок-Инвест,2018-01-06 14:33:54,107.0
146,Не известно,2018-01-06 15:22:00,411.99
147,,2018-01-06 15:10:00,826.0
148,Тандер,2017-12-31 15:38:00,148.0
152,Бургер Рус,2018-01-04 16:33:00,282.7
153,ФИКС-СУРГУТ,2018-01-05 17:00:00,463.1
154,Тандер,2018-01-05 17:55:00,458.05
155,Тандер,2018-01-06 17:52:00,451.6
156,Ампер,2018-01-05 18:29:00,8354.0
157,Леруа Мерлен Восток,2017-12-21 11:32:00,4189.0
158,Не известно,2018-01-06 11:59:00,296.61
159,Не известно,2018-01-06 17:37:00,3519.22
160,Аматус,2018-01-06 17:26:41,791.4
168,Бэст Прайс,2018-01-06 17:07:00,201.0
169,Санги Стиль,2018-01-06 16:07:00,220.6
170,Тандер,2018-01-06 18:30:00,770.3
171,Тандер,2018-01-06 19:24:00,880.77
172,Агроторг,2018-01-06 20:32:00,780.0
173,Сибторг,2018-01-06 18:51:00,3897.0
174,Лента,2018-01-06 16:43:00,1961.0
175,Бализа,2017-11-30 19:23:00,189.24
176,Не известно,2018-01-03 20:46:00,471.0
177,KАРИ,2017-11-24 20:41:00,7007.0
178,,2017-12-20 19:07:00,1085.0
180,Не известно,2018-01-06 20:33:00,764.39
181,МУЛЬТИОПТИКА-8,2018-01-04 15:45:00,16502.0
182,Не известно,2018-01-06 22:23:00,280.7
183,,2018-01-05 17:44:00,96.79
184,,2018-01-05 17:53:00,132.6
185,Сириус,2017-12-30 15:05:00,860.0
186,ИП ГАСРАТОВ И.О.,2017-12-25 20:22:00,189.0
187,Лента,2017-12-29 20:25:00,6318.0
188,Тандер,2017-12-26 19:51:00,3058.89
189,Тандер,2017-09-18 18:22:00,1784.0
190,Тандер,2017-09-20 09:40:00,657.0
191,Ассорти-Юг,2017-09-22 18:18:00,107.0
192,Тандер,2017-09-13 20:11:00,702.0
193,Агроторг,2017-09-27 12:42:00,476.0
194,Ассорти-Юг,2017-10-02 12:11:00,380.5
195,Тутси,2017-10-04 16:31:00,147.0
196,Ассорти,2017-10-07 08:56:00,279.9
197,Тутси,2017-10-02 18:28:00,77.0
198,Не известно,2017-09-28 17:04:00,26.0
199,Тандер,2017-09-23 19:39:00,141.0
200,Тандер,2017-09-22 14:48:00,54.0
201,ГЭС розница,2017-09-19 15:22:00,434.0
202,ВKУСВИЛЛ,2017-09-08 18:05:00,1973.85
203,ИП Дудкин Игорь Леонидович,2017-09-16 11:04:00,550.0
204,Алькор и Ко,2017-09-06 15:38:00,1850.0
205,О ТД Холдинг-Центр,2017-09-04 22:34:00,4612.0
206,О ТД Холдинг-Центр,2017-09-04 22:35:00,993.0
207,Не известно,2017-08-24 12:07:00,1294.59
208,Не известно,2017-09-05 15:14:00,279.0
209,ВKУСВИЛЛ,2017-08-27 21:47:00,524.8
210,ВKУСВИЛЛ,2017-08-11 20:16:00,673.0
215,Не известно,2017-08-09 13:29:00,10000.0
216,Т и К Продукты,2017-08-10 12:13:00,884.0
217,Тандер,2017-10-05 15:27:00,169.0
218,ГП №3,2017-09-28 13:51:00,174.0
219,ДЕТСКИЙ МИР,2017-10-02 12:05:00,1289.0
220,Ассорти-Юг,2017-10-01 14:12:00,1396.28
221,Ассорти-Юг,2017-09-23 20:31:00,95.98
222,Тандер,2017-09-21 20:05:00,89.0
223,Тандер,2017-09-21 20:04:00,899.0
224,,2017-09-18 12:36:00,100.0
225,Не известно,2017-09-10 12:43:00,1175.97
226,Т и К Продукты,2017-09-10 20:48:00,508.0
227,ВKУСВИЛЛ,2017-08-29 13:29:00,1744.0
228,Тандер,2017-09-05 16:21:00,307.0
229,ВKУСВИЛЛ,2017-08-23 12:58:00,960.13
230,Не известно,2017-08-21 19:41:00,953.8
231,Не известно,2017-08-01 16:51:00,5647.6
233,ГЕКОЛАБ,2017-07-31 08:53:00,1862.0
236,Тандер,2017-09-05 16:22:00,162.0
237,Тутси,2017-10-05 15:01:00,1883.0
245,Гиперглобус,2018-01-07 10:13:00,438.5
246,Леруа Мерлен Восток,2018-01-07 09:56:00,865.0
247,Тандер,2018-01-07 11:49:00,462.28
248,АШАН,2018-01-07 14:59:00,610.0
249,Тандер,2018-01-07 11:55:00,576.24
250,ТОРА,2018-01-02 15:31:00,100.0
251,ТОРА,2018-01-02 15:03:00,1150.0
252,"Аптека  Табиб (г. Калуга,         ул. Гагарина, д. 6 А/47, пом. № 57)",2017-12-24 16:29:00,1132.0
253,Дикси ЮГ,2017-10-29 16:43:00,441.77
254,Торговый дом,2017-12-21 13:22:00,240.1
255,Ирна,2018-01-07 20:22:00,32.0
263,Тандер,2017-12-28 15:49:00,37.0
264,Агроторг,2018-01-03 16:49:00,322.88
265,ТД Перекресток,2017-12-20 15:38:00,93.0
266,Тандер,2018-01-03 17:07:00,63.6
267,Санги Стиль,2018-01-03 17:02:00,27.5
268,Фикс Прайс-Донецк,2018-01-03 16:21:00,125.0
269,,2017-12-11 09:56:00,1797.0
270,АТАК,2018-01-06 18:17:00,769.4
271,Бэст Прайс,2018-01-06 18:09:00,50.0
283,Тандер,2018-01-07 14:57:00,424.5
284,Агроторг,2018-01-07 20:22:00,577.25
285,,2018-01-07 17:02:00,250.0
287,Не известно,2018-01-07 17:17:00,171.0
288,ТД Интерторг,2017-12-30 15:24:00,2508.5
289,Сатурн,2018-01-04 16:04:00,399.0
295,Агроторг,2018-01-07 19:15:00,238.62
296,Альфа Сургут,2018-01-07 19:05:00,749.0
297,АРМАЛИ,2018-01-06 15:47:00,534.0
298,АС-Бюро плюс,2018-01-03 13:30:00,971.0
311,ИП ГАСРАТОВ И.О.,2018-01-07 20:04:00,106.0
312,Сибирь 28,2018-01-07 20:08:00,330.0
316,Тандер,2018-01-07 11:41:00,962.0
317,Тандер,2018-01-07 18:27:00,275.95
318,ТД Перекресток,2017-12-30 11:36:00,1298.18
323,Тандер,2018-01-07 18:50:00,180.0
324,ДИКСИ Юг,2017-11-19 11:34:25,498.1
325,Бургер Рус,2017-10-07 10:24:00,129.9
326,Городской супермаркет,2018-01-07 08:58:00,3680.0
327,Не известно,2018-01-07 12:02:00,719.05
328,Оператор,2018-01-07 21:36:00,1617.0
329,Не известно,2017-12-23 14:18:00,563.0
330,ИП Власова И.В.,2017-12-30 15:06:00,119.8
331,Не известно,2017-12-30 16:44:00,562.4
332,ИП Саухина Е.В.,2017-12-29 17:05:00,336.4
333,Не известно,2017-12-27 19:28:00,490.98
334,Роксэт-С,2017-12-27 21:13:42,504.23
335,Вега,2017-12-27 09:26:00,1005.85
336,Роксэт-С,2017-12-24 22:41:38,431.33
337,Класс,2017-12-25 21:54:04,243.97
338,Класс,2017-12-21 22:49:46,174.25
339,Не известно,2017-12-24 09:52:00,285.5
342,,2018-01-01 18:01:00,404.91
343,Роксэт-С,2018-01-07 20:31:44,50.89
344,АМЕТИСТ,2018-01-08 11:29:00,2721.0
345,Камелот-А,2018-01-08 08:44:00,52.5
346,Мобайл-Регион,2018-01-08 13:21:00,499.0
347,Не известно,2017-12-29 21:41:00,2725.49
348,МЕРИДИАНА,2018-01-08 15:51:00,176.5
349,Газпромнефть-Центр,2018-01-08 13:42:00,1099.64
350,Не известно,2018-01-08 13:59:00,146.0
351,СКЛАД-МАГАЗИН №1,2018-01-08 17:24:00,691.9
352,Лента,2018-01-01 16:28:00,3588.0
353,Фармленд,2017-12-25 21:48:00,1702.2
354,Тандер,2018-01-08 10:48:00,179.7
355,ИП Шаховцев Ю.А.,2018-01-08 10:52:00,148.01
357,СЕТЬ АВТОМАТИЗИРОВАННЫХ ПУНКТОВ ВЫДАЧИ,2017-11-21 09:34:00,798.0
358,О'КЕЙ,2017-12-15 20:33:00,1847.0
359,Вкус,2018-01-08 12:25:00,790.0
360,КРОКУС ИНТЕРНЭШНЛ,2018-01-06 17:41:54,2478.0
361,Гиперглобус,2018-01-05 18:39:00,7983.84
362,Спар-Томск,2018-01-08 16:39:00,958.32
363,Лента,2018-01-08 15:02:00,2365.0
364,Агроторг,2018-01-08 13:42:00,893.38
365,Татнефть-АЗС Центр,2018-01-08 14:00:00,500.0
366,УльяновскФармация,2018-01-08 13:44:00,889.0
367,Тандер,2018-01-06 17:46:00,252.0
368,ТД,2018-01-08 14:24:00,718.45
369,Тандер,2018-01-08 15:15:00,83.0
370,Агроторг,2018-01-08 14:57:00,318.0
371,Не известно,2018-01-08 15:09:00,664.2
372,Тандер,2018-01-08 15:13:00,120.7
373,Ригла,2018-01-07 10:29:00,186.0
374,Тандер,2018-01-07 10:15:00,710.8
375,ИП Роздухов М.Е.,2018-01-07 10:28:00,489.7
376,АШАН 115408  г. Москва,2018-01-08 15:20:00,1476.0
377,Дикси ЮГ,2018-01-08 18:16:00,83.47
378,Тандер,2018-01-08 16:29:00,549.0
379,Не известно,2018-01-08 21:03:00,251.0
380,Не известно,2018-01-06 16:11:00,239.6
381,Агроторг,2018-01-08 20:57:00,167.25
382,Агроторг,2018-01-08 20:58:00,100.0
383,ОБЩЕСТВО С ОГРАНИЧЕННОЙ ОТВЕТСТВЕННОСТЬЮ СПОРТМАСТЕР,2018-01-08 21:28:00,4.0
384,,2018-01-05 13:03:00,101.0
385,Лента,2018-01-08 19:09:00,2055.0
386,ОБЩЕСТВО С ОГРАНИЧЕННОЙ ОТВЕТСТВЕННОСТЬЮ АШАН,2018-01-08 20:17:00,140.0
387,ПУБЛИЧНОЕ АKЦИОНЕРНОЕ ОБЩЕСТВО НK РОСНЕФТЬ - МУРМАНСKНЕФТЕПРОДУKТ,2018-01-08 17:06:00,2481.27
388,ОБЩЕСТВО С ОГРАНИЧЕННОЙ ОТВЕТСТВЕННОСТЬЮ АШАН,2018-01-08 20:03:00,2458.88
390,Индивидуальный предприниматель Гаврилова Вера Германовна,2017-10-19 11:26:00,142.0
394,ИП Еремеев В.А.,2018-01-06 13:04:00,732.0
395,Центральная ППК,2018-01-04 19:35:00,22.0
396,Дикси ЮГ,2018-01-08 15:21:00,119.0
397,Тандер,2017-12-31 10:39:00,241.0
398,Не известно,2017-12-31 10:29:00,2267.0
399,ТД Перекресток,2017-12-30 16:38:00,47.0
400,Не известно,2017-12-27 12:52:00,1045.0
401,Добровин,2018-01-04 15:13:00,744.2
402,ЛУКОЙЛ-Пермнефтепродукт,2017-12-12 06:31:00,1150.0
403,Бургер Рус,2018-01-09 09:33:00,85.0
404,Кронар,2018-01-09 10:11:00,1300.0
408,Тандер,2018-01-09 14:10:00,302.16
409,Не известно,2018-01-05 14:23:00,26.0
410,Агроторг,2018-01-09 13:53:00,203.0
411,Газпромнефть-Центр,2018-01-09 07:49:00,1372.2
412,ДНС-ЦФО,2017-12-26 17:54:00,2998.0
413,Не известно,2017-12-15 20:29:00,1839.81
414,Тандер,2018-01-09 19:17:00,75.0
415,Тандер,2018-01-09 19:17:00,248.5
416,ТОРГОВАЯ СЕТЬ KОМАНДОР,2018-01-09 19:44:00,985.76
417,Не известно,2017-11-20 12:12:00,25500.0
418,Не известно,2017-11-20 12:13:00,192800.0
419,Не известно,2017-11-20 12:26:00,14800.0
451,Воронежнефтепродукт,2017-12-25 10:12:00,1000.0
452,Воронежнефтепродукт,2018-01-09 13:47:00,1000.0
453,"Элемент-Трейд                        Тавда, ул. П Морозова 6",2018-01-09 16:51:00,760.0
464,Тандер,2018-01-06 17:11:00,760.52
465,Тандер,2017-12-02 21:15:00,878.0
466,Тандер,2018-01-09 18:19:00,533.0
467,Лабиринт-Уфа,2018-01-09 18:02:00,314.46
468,АТАК,2018-01-09 19:05:00,1327.78
469,Гулливер,2018-01-08 16:03:00,370.43
470,Самсон-Фарма,2018-01-09 19:30:00,51.0
471,САТУРН,2018-01-08 18:03:00,2098.0
472,Ассорти-Юг,2017-12-31 13:45:00,155.76
480,ТД Перекресток,2018-01-08 18:07:00,2162.92
481,ТЭЙК ЭВЕЙ,2018-01-09 15:05:00,1003.0
482,МАРКА РУС,2018-01-06 15:11:00,949.0
484,ВKУСВИЛЛ,2017-12-27 19:06:00,395.0
485,Гулливер,2018-01-09 18:19:00,584.95
497,Тандер,2018-01-08 15:18:00,352.3
498,,2017-12-25 17:44:00,125.0
499,ДНС-ДОН,2018-01-02 16:00:00,36917.0
500,Агроторг,2018-01-09 20:01:00,81.0
501,Виктория Балтия,2018-01-04 21:42:00,265.0
502,ИП ПАХАРЕВ А.В.,2018-01-02 11:23:00,176.0
503,Виктория Балтия,2018-01-08 21:05:00,637.0
504,<Леруа Мерлен Восток>,2018-01-08 10:06:00,246.0
505,Газпромнефть-Центр,2018-01-06 07:56:00,408.5
506,ИП Афанасьев Николай Павлович,2017-12-18 19:37:00,2125.0
507,Не известно,2017-12-15 18:33:00,1219.6
508,,2018-01-05 22:43:00,110.0
509,Не известно,2018-01-09 14:26:00,497.0
510,ТД Интерторг,2018-01-09 22:19:00,445.0
511,Не известно,2018-01-09 18:46:00,82.0
512,АЗК ВТК,2018-01-09 18:09:00,350.0
516,Не известно,2017-12-19 12:00:00,1557.0
517,Не известно,2017-12-23 17:02:00,1398.0
518,О'КЕЙ,2018-01-02 12:50:00,3573.5
519,Дикси Юг,2018-01-07 18:50:00,586.0
520,ВKУСВИЛЛ,2018-01-09 20:18:00,176.0
521,ОГРАНИЧЕННОЙ ОТВЕТСТВЕННОСТЬЮ МОСТСЕРВИС-ТРАНС,2017-10-31 19:16:00,999.77
522,Лента,2018-01-10 10:49:00,99.9
523,ТД Перекресток,2017-12-20 08:35:00,386.0
524,Не известно,2017-12-25 13:24:00,1123.1
525,Тандер,2018-01-02 11:18:00,310.44
526,АШАНА,2018-01-10 10:39:00,50.0
527,ТХ Сибирский Гигант,2018-01-10 14:27:00,80.4
528,Не известно,2018-01-10 14:32:00,32.0
529,Не известно,2018-01-10 12:01:00,1790.0
531,ПРИМЗООТОРГ,2018-01-10 18:09:00,92.25
532,Не известно,2018-01-10 12:36:00,300.0
533,Камелот-А,2018-01-10 16:22:00,383.1
534,ПРОСУШИ М,2018-01-09 15:01:00,2291.0
535,Не известно,2018-01-10 17:22:00,192.0
544,Не известно,2018-01-10 13:29:00,580.0
545,Не известно,2018-01-10 12:36:00,197.0
546,СитиТорг,2018-01-10 18:21:00,129.0
549,Не известно,2018-01-06 13:03:00,1990.0
550,,2018-01-10 14:33:00,159.0
551,Тандер,2018-01-10 13:53:00,1085.0
552,РН-Ростовнефтепродукт,2018-01-09 17:09:00,499.8
553,Камелот-А,2018-01-10 12:46:00,825.0
554,Лента,2018-01-10 10:50:00,120.0
555,МАНИОЛА,2018-01-10 16:11:00,75.0
556,Тандер,2018-01-10 14:12:00,1715.39
557,ОП СИНЕМА ПАРК 3 Санкт-Петербург,2018-01-08 21:40:00,980.0
563,АШАН,2018-01-10 20:05:00,1222.76
564,ТХ Сибирский Гигант,2018-01-10 21:30:00,167.0
565,КОМПАНИЯ,2018-01-10 17:10:00,110.9
566,ИП Роздухов М. Е.,2018-01-10 17:10:00,806.29
567,Ригла,2018-01-08 10:54:00,363.0
568,М.видео менеджмент,2018-01-05 12:18:00,35605.0
569,Гиперглобус,2017-12-30 10:00:00,6370.79
570,Спортмастер,2017-12-24 16:55:00,9816.0
571,Не известно,2018-01-07 18:35:00,518.0
572,Гиперглобус,2017-12-04 20:17:00,1610.45
573,Не известно,2017-12-25 12:15:00,277.83
574,Не известно,2017-12-01 20:46:00,650.45
575,Обособленное подразделение   ДНС-Центр,2017-12-24 18:30:00,7999.0
576,Гиперглобус,2017-12-06 20:07:00,919.41
577,Гиперглобус,2018-01-04 18:43:00,2180.61
578,М.видео Менеджмент,2018-01-07 17:54:00,8990.0
579,Планета увлечений,2018-01-09 18:15:00,39.0
580,Дикси ЮГ,2017-12-08 12:22:00,399.0
581,Не известно,2017-12-13 11:00:00,837.0
582,Гиперглобус,2017-12-18 19:58:00,1555.75
583,Гиперглобус,2017-12-09 19:56:00,1527.2
584,Гиперглобус,2017-12-08 20:52:00,710.23
585,Гиперглобус,2017-12-11 19:27:00,1758.84
586,Гиперглобус,2017-12-15 19:22:00,1367.18
587,ИВАНОВА ЕВГЕНИЯ АНАТОЛЬЕВНА,2017-12-08 12:16:00,370.0
588,Агроторг,2018-01-10 18:33:00,644.0
589,Не известно,2018-01-10 19:34:00,410.0
590,,2018-01-10 18:53:00,1488.0
591,Тандер,2018-01-09 18:29:00,194.0
592,Не известно,2018-01-08 17:06:00,843.0
593,Не известно,2018-01-10 18:57:00,557.0
594,ДК,2018-01-10 16:36:00,1759.6
595,Кронар,2018-01-10 18:48:00,2240.0
596,Тандер,2018-01-07 15:27:00,297.78
597,Не известно,2018-01-10 19:54:00,976.0
599,Агроторг,2018-01-10 13:12:00,197.4
600,ДК,2018-01-07 10:29:00,993.5
613,Гиперглобус,2017-10-28 16:10:00,945.19
614,Гиперглобус,2017-11-05 17:34:00,7443.45
707,МЕРИДИАНА,2018-01-10 13:45:00,57.0
711,Петербургский Метрополитен,2018-01-11 07:22:00,1035.0
712,Тандер,2018-01-09 19:24:00,99.0
713,Не известно,2018-01-09 05:40:00,34.0
714,Тандер,2018-01-08 19:35:00,87.0
715,Фастлэнд,2018-01-11 08:20:00,498.0
716,Лента,2018-01-07 16:45:00,799.0
717,ЮНАЙТЭД ТРЭЙДИНГ,2018-01-04 19:32:00,3990.0
718,ТК Лето,2017-12-30 19:05:00,77.16
719,ПродМир,2018-01-11 10:48:00,645.0
720,Ям! Ресторантс Раша,2018-01-11 15:06:00,712.0
732,КОМАТ,2018-01-11 13:08:00,1140.0
733,ЦНИИХМ,2018-01-11 12:21:00,170.0
737,Тандер,2018-01-11 13:04:00,59.83
738,Спар Миддл Волга,2018-01-10 19:32:00,161.43
739,,2018-01-11 13:15:00,200.0
740,,2018-01-11 13:15:00,250.0
741,Тандер,2018-01-11 14:14:00,1584.3
742,Бета Сургут,2018-01-11 14:36:00,355.0
743,Красная Пресня,2018-01-11 08:27:00,150.0
744,Не известно,2018-01-10 18:39:00,219.0
745,Не известно,2018-01-10 12:49:00,253.5
746,МЕТРО Кэш энд Керри,2017-12-28 21:56:00,6619.07
747,ЭДДА,2018-01-04 18:47:00,343.6
748,Камелот-А,2018-01-11 18:14:00,410.01
749,Тандер,2018-01-11 14:23:00,1189.29
750,ТОРГОВАЯ СЕТЬ КОМАНДОР,2018-01-11 19:09:00,384.07
751,Агроторг,2018-01-05 16:23:00,542.0
752,Не известно,2018-01-11 19:06:00,244.0
753,Тандер,2018-01-11 15:35:00,472.2
763,АKЦИОНЕРНОЕ ОБЩЕСТВО ВОРОНЕЖНЕФТЕПРОДУKТ,2018-01-10 17:04:00,1000.0
764,Агроторг,2018-01-10 17:44:00,225.6
765,АKЦИОНЕРНОЕ ОБЩЕСТВО ВОРОНЕЖНЕФТЕПРОДУKТ,2018-01-10 16:02:00,1000.0
766,АKЦИОНЕРНОЕ ОБЩЕСТВО ВОРОНЕЖНЕФТЕПРОДУKТ,2018-01-10 16:23:00,1000.0
771,ЛУКОЙЛ-Югнефтепродукт,2018-01-10 16:11:00,1000.0
772,Сити,2018-01-11 11:57:00,552.29
780,,2018-01-03 10:35:00,100.0
781,ОБЩЕСТВО С ОГРАНИЧЕННОЙ ОТВЕТСТВЕННОСТЬЮ АШАН,2018-01-09 15:32:00,70.99
782,Не известно,2018-01-10 20:48:00,363.8
783,Не известно,2017-11-23 18:45:00,901.47
784,Не известно,2018-01-05 14:29:00,119.2
785,Тандер,2018-01-10 18:33:00,290.49
786,СПАР МИДДЛ ВОЛГА,2018-01-10 17:54:00,986.4
787,Не известно,2018-01-07 16:29:00,262.0
788,ИП Гурова Эльвира Вадимовна,2018-01-10 14:39:00,208.0
789,Тандер,2018-01-10 11:57:00,391.71
790,Не известно,2018-01-11 15:43:00,505.8
791,СПАР МИДДЛ ВОЛГА,2018-01-05 16:41:00,105.0
792,СПАР МИДДЛ ВОЛГА,2018-01-05 16:40:00,1758.0
793,Агроторг,2018-01-11 16:30:00,259.0
794,Агроторг,2018-01-10 16:26:00,514.0
795,Агроторг,2018-01-08 21:19:00,189.0
796,Тандер,2018-01-10 19:39:00,200.7
797,Не известно,2017-12-23 17:20:00,453.0
798,Ригла,2017-10-29 08:55:00,195.0
799,Петербургский метрополитен,2018-01-10 06:21:00,550.0
800,Авоська-два,2018-01-02 18:49:00,199.0
801,Тандер,2018-01-05 12:12:00,190.0
802,Тандер,2018-01-11 20:32:00,907.0
803,Не известно,2018-01-11 13:07:00,179.0
804,Нива,2018-01-11 20:54:43,163.0
805,Престиж,2018-01-11 20:55:03,272.0
806,АТАК,2018-01-11 16:28:00,1341.0
807,МАГ СЕРВИС,2018-01-05 16:03:00,49.0
808,РС Петровский,2018-01-11 12:48:00,1362.0
809,Не известно,2017-12-23 18:03:00,411.0
810,Общество с Ограниченной Ответственностью <ОнЛайн Трейд>,2017-12-18 15:52:00,3430.0
816,Леруа Мерлен Восток,2018-01-07 11:03:00,35.0
818,Лента,2018-01-11 16:18:00,1279.0
819,,2017-12-27 14:28:00,1011.27
820,Тандер,2018-01-08 13:13:00,779.97
821,Лента,2018-01-10 19:58:00,427.0
822,ТД Перекресток,2018-01-11 18:56:00,363.0
823,Бэст Прайс,2018-01-11 18:47:00,364.1
824,Бургер Рус,2017-12-03 15:27:00,250.0
825,,2017-12-11 17:13:00,325.4
826,Тандер,2018-01-09 17:57:00,83.84
827,Фирма,2018-01-10 09:32:00,850.0
828,ТД ЧЕЛНЫ-ХЛЕБ,2018-01-10 10:01:00,274.0
829,Не известно,2018-01-09 15:09:00,417.0
830,Агроторг,2018-01-08 13:14:00,27.0
831,Не известно,2018-01-11 19:14:00,350.0
834,АШАН,2018-01-12 08:14:00,229.0
842,ВЕМЕС,2018-01-12 06:18:00,500.0
843,РН-ВОСТОКНЕФТЕПРОДУКТ,2018-01-12 15:04:00,1323.0
848,Алькор и Ко,2017-12-30 13:19:00,442.0
849,АромаЛюкс,2017-12-30 13:37:00,714.0
850,ОБЩЕСТВО С ОГРАНИЧЕННОЙ ОТВЕТСТВЕННОСТЬЮ СПОРТМАСТЕР,2017-12-30 13:01:00,350.0
851,Фреш Маркет,2018-01-11 19:02:00,109.0
852,Новофарм,2018-01-11 20:55:00,608.0
853,ТВК-Р,2018-01-11 20:56:42,2632.0
854,АШАН 115408  г. Москва,2018-01-12 10:03:00,2306.76
855,ФРЭШРИТЕЙЛ,2018-01-11 18:19:00,347.63
856,ТОРГОВАЯ СЕТЬ KОМАНДОР,2018-01-04 15:40:00,128.07
857,ТОРГОВАЯ СЕТЬ KОМАНДОР,2018-01-04 15:40:00,1.93
858,Гулливер,2018-01-11 16:28:00,124.0
859,Не известно,2018-01-11 19:58:00,93.4
860,Общество с ограниченной ответственностью БИЛЛА,2017-12-05 07:58:00,165.4
861,Башнефть-Розница,2018-01-11 20:37:00,820.6
862,Не известно,2017-12-24 11:31:00,218.0
863,АШАН,2018-01-11 19:11:00,530.0
864,Дикси ЮГ,2018-01-11 18:50:00,1084.0
868,,2018-01-12 13:38:00,294.04
880,МТ ППK,2018-01-12 10:06:00,132.0
881,Леруа Мерлен Восток,2018-01-12 17:02:00,38.0
892,Сёркл Кей Россия,2017-12-25 08:47:00,491.59
893,Сёркл Кей Россия,2017-12-22 23:34:00,1212.39
894,ЛУКОЙЛ-Уралнефтепродукт,2018-01-09 17:40:00,728.0
895,ЛУКОЙЛ-Уралнефтепродукт,2018-01-10 19:51:00,300.0
896,Максидом,2017-12-08 19:03:00,1598.0
897,Агроторг,2018-01-09 16:18:00,179.5
898,Аптека от склада Центр 4,2018-01-12 17:23:00,673.4
902,Не известно,2018-01-12 12:50:00,396.0
903,Ям! Ресторантс Раша,2018-01-12 13:36:08,199.0
904,Не известно,2018-01-11 12:54:00,460.0
905,Бэст Прайс,2018-01-09 12:20:00,830.0
914,Не известно,2018-01-12 14:05:00,896.0
922,Тандер,2018-01-12 12:15:00,689.4
923,,2018-01-12 15:00:00,1400.0
924,АШАН,2018-01-12 15:20:00,1016.51
925,Тандер,2018-01-12 15:26:00,84.73
926,ТД,2018-01-12 15:09:00,99.0
927,Агроторг,2018-01-12 14:56:00,65.0
933,Не известно,2018-01-12 14:43:00,1385.0
941,Байрам,2018-01-12 18:26:00,366.66
952,Тандер,2018-01-09 21:28:00,796.0
956,АТАК,2018-01-12 16:26:00,21.0
957,Дикси Юг,2018-01-12 16:47:00,14.0
958,ИКЕА,2017-12-22 19:43:00,2097.0
959,АПТЕKА-А.в.е-1,2017-12-13 17:48:00,335.0
975,АШАН,2018-01-11 13:04:00,641.0
976,АГРОТОРГ,2018-01-11 19:40:00,442.0
977,Тандер,2018-01-12 18:26:00,710.68
978,Общество с Ограниченной Ответственностью <ОнЛайн Трейд>,2017-12-17 14:47:00,2486.0
979,,2018-01-11 21:28:00,261.0
980,Детский мир,2018-01-09 21:42:00,399.0
981,Детский мир,2018-01-08 20:03:00,262.0
982,,2018-01-10 21:45:00,574.0
990,Не известно,2018-01-12 17:48:00,1849.0
991,Тандер,2018-01-12 19:31:00,623.0
992,"Элемент-Трейд                        Соликамск, Ленина пр-кт, 36б",2018-01-12 19:35:00,99.0
993,"Элемент-Трейд                        Соликамск, Ленина пр-кт, 36б",2018-01-12 19:14:00,613.0
994,Дикси ЮГ,2018-01-10 17:53:00,362.67
995,МЯСНОВЪ - 77,2018-01-11 18:36:00,460.27
996,Дикси ЮГ,2018-01-11 18:20:00,557.78
997,ТАРДИС,2018-01-12 17:55:00,302.0
998,Гиперглобус,2018-01-12 14:57:00,890.43
999,ТХ Сибирский Гигант,2018-01-12 19:37:00,129.7
1012,ИП Волков В.Е.,2018-01-12 12:56:00,119.8
1013,Тандер,2018-01-12 21:09:00,192.56
1014,Восток,2018-01-10 19:21:00,259.9
1015,Лента,2017-12-23 18:27:00,1223.0
1016,Лента,2018-01-12 21:37:00,90.4
1017,Лента,2018-01-12 21:34:00,1345.0
1021,Не известно,2018-01-12 17:02:00,238.0
1034,Лента,2018-01-06 22:36:00,429.0
1046,Тандер,2018-01-12 18:20:00,35.0
1049,Агроторг,2018-01-12 18:08:00,520.0
1052,Агроторг,2018-01-12 18:14:00,1479.8
1053,КОРПОРАЦИЯ ГРИНН,2018-01-04 23:43:00,479.37
1054,КОРПОРАЦИЯ ГРИНН,2018-01-06 21:58:00,495.0
1072,Лента,2018-01-12 08:27:00,765.0
1073,Камелот-А,2018-01-11 18:50:00,172.5
1074,Камелот-А,2018-01-12 18:47:00,153.5
1075,Лента,2018-01-12 17:24:00,135.0
1076,Почта России,2018-01-13 10:47:00,161.0
1077,Камелот-А,2018-01-13 10:38:00,594.5
1078,О'КЕЙ,2017-12-24 19:03:00,729.0
1079,Детский мир,2017-12-09 20:13:00,839.0
1080,,2017-12-16 11:25:00,14700.0
1081,,2017-12-16 11:34:00,14000.0
1082,Максима Групп             Тел.8(800)100-33-90,2018-01-11 19:26:00,1613.1
1086,АШАН,2018-01-13 12:52:00,1317.76
1087,ТХ Сибирский Гигант,2018-01-13 12:24:00,1004.0
1088,Лента,2018-01-10 22:49:00,666.0
1089,Лента,2018-01-13 14:17:00,712.0
1091,"ИП Кузнецов Сергей Валентинович      150007, г. Ярославль, ул. Шевелюха, 100",2018-01-13 10:21:00,1583.61
1092,Агроторг,2018-01-13 10:21:00,1294.0
1093,МАКДОНАЛДС,2018-01-13 12:05:19,264.0
1094,МАКДОНАЛДС,2018-01-13 11:53:03,198.0
1095,АПРЕЛЬ САРАТОВ,2018-01-12 12:03:00,172.2
1096,Не известно,2018-01-10 18:11:00,0.0
1097,Бета-М,2018-01-10 18:19:00,476.09
1098,Не известно,2018-01-12 21:41:00,538.05
1099,ГИПЕРГЛОБУС,2018-01-12 19:40:00,574.81
1103,,2018-01-12 21:06:00,192.0
1104,КОМПРОМИСС,2018-01-13 13:32:00,1588.0
1106,ИП Лепехин Евгений Петрович,2018-01-13 14:01:00,138.0
1107,ИП Лепехин Евгений Петрович,2018-01-13 13:58:00,164.0
1108,,2018-01-13 16:02:00,1280.8
1109,ИП Владыкин Дмитрий Николаевич,2017-11-07 15:06:00,573.0
1123,Тандер,2018-01-13 19:08:00,134.9
1124,Тандер,2018-01-13 14:41:00,200.8
1125,Анжела,2018-01-12 18:17:37,343.0
1126,OOO МЕТРО Кэш анд Керри,2018-01-13 14:34:00,2339.46
1127,Тандер,2018-01-13 15:14:00,1012.67
1132,АШАН 196244  г. Санкт-Петеpбуpг,2018-01-13 10:49:00,199.72
1133,Лента,2018-01-13 11:32:00,129.0
1134,Тандер,2018-01-13 20:27:00,411.5
1135,Анжела,2018-01-13 16:28:42,237.0
1136,Агроторг,2018-01-10 15:22:00,454.12
1137,"Элемент-Трейд                            Сургут, Мира 15",2018-01-13 18:28:00,1210.0
1138,"Элемент-Трейд                            Сургут, Мира 15",2018-01-09 16:42:00,268.0
1139,Тандер,2018-01-13 17:50:00,512.4
1144,Тандер,2018-01-13 18:14:00,496.0
1145,Тандер,2018-01-13 18:14:00,598.3
1146,Агроторг,2018-01-12 20:24:00,665.0
1147,Не известно,2018-01-13 16:29:00,1271.0
1148,,2018-01-12 12:53:00,200.0
1149,АШАН,2018-01-13 17:57:00,2476.03
1150,АШАН,2018-01-07 20:37:00,1334.29
1151,Не известно,2018-01-08 14:10:00,497.94
1152,Максима Групп,2018-01-07 15:00:00,918.0
1153,Декор 2003,2017-12-27 11:04:00,750.0
1155,Не известно,2018-01-12 13:29:00,440.4
1156,АШАН 121087 г.Москва,2018-01-07 15:55:00,184.56
1157,Агроторг,2018-01-13 18:28:00,1090.51
1158,Агроторг,2018-01-13 18:14:00,693.0
1159,Дикси Юг,2018-01-03 20:03:00,688.94
1160,Не известно,2018-01-13 19:09:00,470.18
1161,АТАК,2018-01-13 12:57:00,164.0
1162,Лента,2018-01-13 11:59:00,314.0
1163,Бэст Прайс,2018-01-13 11:42:00,50.0
1165,Тандер,2018-01-13 17:34:00,3096.19
1169,МЕТРО Кэш энд Керри,2017-12-23 16:10:00,15195.29
1170,МЕТРО Кэш энд Керри,2018-01-13 17:09:00,12577.63
1171,ДНС ПРИМОРЬЕ,2017-12-28 15:14:00,3950.0
1176,Тандер,2018-01-13 21:11:00,867.03
1177,Зельгрос,2018-01-13 15:32:00,1194.26
1178,О'КЕЙ,2018-01-13 21:15:00,242.0
1179,МАКДОНАЛДС,2018-01-13 23:52:45,1192.0
1180,Лента,2018-01-13 19:12:00,3998.0
1181,ОА ННК-Приморнефтепродукт,2018-01-14 11:31:00,1999.6
1182,МЕРИДИАНА,2018-01-14 10:43:00,215.05
1183,Тандер,2018-01-14 08:54:00,1602.08
1184,ИП Белозеров А.В.,2018-01-12 17:14:00,87.0
1185,Спортмастер,2018-01-14 14:58:00,3155.0
1201,Не известно,2018-01-14 16:24:00,2993.0
1202,Радеж,2018-01-14 09:36:00,23.0
1204,Лента,2018-01-12 19:07:00,5343.0
1205,ФИНИСТ,2018-01-13 19:32:00,646.22
1206,АШАН,2018-01-14 13:46:00,189.42
1207,АГРОТОРГ,2018-01-14 11:51:00,42.0
1208,Камелот-А,2018-01-14 16:44:00,883.0
1209,АШАН,2017-12-02 15:48:00,4145.81
1210,ОКТОБЛУ,2017-11-12 12:02:00,599.0
1211,О Кубань Экспресс-Пригород,2017-12-31 14:31:00,233.8
1212,Не известно,2018-01-14 13:12:00,1305.73
1213,ДЕТСКИЙ МИР,2018-01-14 12:35:00,1867.4
1214,Тандер,2018-01-14 13:03:00,397.25
1215,ГАРДА,2018-01-07 18:17:00,2063.5
1216,МАКДОНАЛДС,2018-01-14 13:31:16,415.0
1220,Тандер,2018-01-12 22:32:00,139.9
1221,"Элемент Трейд                    Екатеринбург, Комсомольская, 76",2018-01-13 21:07:00,1184.0
1222,Общество с Ограниченной Ответственностью <ОнЛайн Трейд>,2018-01-14 14:28:00,880.0
1223,Не известно,2018-01-12 14:30:00,494.0
1224,Бургер Рус,2018-01-14 14:54:10,461.7
1225,,2018-01-14 14:47:00,159.0
1226,Аптека ИП Коннова Ирина Викторовна,2018-01-14 15:38:00,657.0
1227,Гулливер,2018-01-14 15:37:00,236.0
1228,Тандер,2018-01-14 19:28:00,597.67
1229,Лента,2018-01-06 19:42:00,2299.0
1230,Лента,2018-01-13 17:20:00,2065.0
1231,Птицефабрика Зеленецкая,2018-01-09 17:51:00,350.85
1232,Не известно,2018-01-05 13:53:00,1137.0
1233,Фреш Маркет,2018-01-14 15:54:00,442.0
1234,Не известно,2018-01-14 20:57:00,175.0
1235,Не известно,2018-01-13 14:28:00,286.4
1236,Тандер,2018-01-14 14:27:00,186.39
1237,,2018-01-14 16:39:00,559.0
1238,<Леруа Мерлен Восток>,2017-11-25 23:59:00,8800.0
1239,Касторама РУС,2017-12-11 21:44:00,2563.0
1240,Касторама РУС,2018-01-12 20:44:00,492.0
1241,Касторама РУС,2017-12-27 19:30:00,508.0
1242,Татнефть-АЗС-Запад,2017-12-17 20:54:00,1627.8
1243,Касторама РУС,2017-11-21 23:04:00,5417.0
1244,Касторама РУС,2017-11-12 20:55:00,387.0
1245,<Леруа Мерлен Восток>,2017-11-21 00:02:00,3435.0
1246,<Леруа Мерлен Восток>,2017-11-22 23:54:00,5746.0
1247,Касторама РУС,2017-11-12 20:11:00,7875.0
1248,Касторама РУС,2017-11-20 18:40:00,2296.0
1249,<Леруа Мерлен Восток>,2017-11-11 19:23:00,2988.0
1250,ОБЩЕСТВО С ОГРАНИЧЕННОЙ ОТВЕТСТВЕННОСТЬЮ АШАН,2017-12-02 21:18:00,2420.49
1251,Тандер,2018-01-14 16:22:00,218.64
1252,ОБЩЕСТВО С ОГРАНИЧЕННОЙ ОТВЕТСТВЕННОСТЬЮ АШАН,2017-11-25 22:40:00,1130.0
1258,Касторама РУС,2017-11-06 18:50:00,6772.0
1259,Касторама РУС,2017-11-07 20:03:00,418.0
1260,Леруа Мерлен Восток,2017-12-02 20:21:00,9750.0
1261,Не известно,2018-01-14 20:20:00,81.0
1262,Не известно,2018-01-14 18:52:00,6.49
1263,Не известно,2018-01-14 18:51:00,1564.77
1264,КРОКУС ИНТЕРНЭШНЛ,2018-01-14 18:13:25,117.0
1265,ЭЛЕМЕНТ-ТРЕЙД,2018-01-13 16:02:59,43.0
1266,Лабиринт-Уфа,2018-01-12 17:18:00,421.26
1267,Массимо Дутти,2018-01-10 10:26:00,3290.0
1268,"Элемент Трейд                         Салават, Калинина, 40",2018-01-12 18:01:00,426.0
1269,Газпромнефть-Центр,2018-01-12 17:13:00,199.0
1273,Агроаспект,2018-01-14 17:15:00,399.4
1284,Тандер,2018-01-14 19:59:00,1276.35
1285,ПКиО,2018-01-14 16:05:00,400.0
1287,АЛВИК,2018-01-14 19:18:00,440.0
1288,Не известно,2018-01-14 22:33:00,1359.96
1289,Медиа-Маркт-Сатурн,2018-01-06 19:12:00,2689.0
1290,Агроторг,2018-01-04 19:13:00,724.7
1291,Не известно,2018-01-14 15:44:00,477.74
1292,,2018-01-15 07:39:00,180.0
1293,МОЛЛ,2018-01-14 20:19:00,150.0
1294,Не известно,2018-01-15 08:39:00,102.0
1295,КЕРУСКА,2018-01-13 11:16:00,1400.0
1299,АШАН,2017-12-30 09:05:00,364.5
1300,Леруа Мерлен Восток,2017-12-02 08:54:00,421.0
1301,Связной Логистика,2018-01-14 20:54:00,300.0
1302,Агроторг,2018-01-14 19:56:00,1184.64
1303,Апельсин,2018-01-15 17:35:00,2852.0
1304,Гулливер,2018-01-15 09:42:00,311.4
1307,ЦНИИХМ,2018-01-15 12:12:00,194.5
1308,Тандер,2018-01-15 14:12:00,125.6
1309,Не известно,2018-01-15 14:35:00,219.26
1310,Оптовик,2018-01-15 12:10:46,331.0
1311,Дикси ЮГ,2018-01-14 21:02:00,97.0
1312,ВЕТЕРОК,2018-01-15 12:38:00,149.7
1313,Агроторг,2018-01-11 20:26:00,1187.59
1314,Не известно,2018-01-10 15:06:00,397.06
1315,Стокманн СПб Центр,2018-01-15 13:07:00,150.0
1316,ИП Пак Вячеслав Владимирович,2018-01-15 19:35:31,1514.59
1317,ЛУКОЙЛ-ВОЛГАНЕФТЕПРОДУКТ,2018-01-15 13:00:00,2426.4
1318,БигБокс,2018-01-15 14:47:00,1831.0
1319,Не известно,2018-01-04 17:00:00,80.0
1320,Агроторг,2018-01-15 19:53:00,199.6
1321,Общество с Ограниченной Ответственностью <ОнЛайн Трейд>,2018-01-12 18:03:00,3890.0
1322,ТРИ КОТА - ХАБАРОВСК,2018-01-15 19:28:40,1045.84
1323,Агроторг,2018-01-15 16:33:00,622.15
1324,Лента,2018-01-15 17:24:00,1352.0
1325,,2018-01-15 09:57:00,34.0
1326,О *Центральная ППK*,2017-11-30 18:16:00,3135.0
1327,Не известно,2018-01-15 14:06:00,299.58
1328,Лента,2018-01-15 18:43:00,1080.0
1334,Тандер,2018-01-15 17:48:00,61.0
1335,Лента,2018-01-14 20:24:00,3026.0
1336,Дикси ЮГ,2018-01-15 20:31:00,544.74
1345,Тандер,2018-01-15 20:28:00,560.42
1350,Бургер Рус,2018-01-15 09:27:00,85.0
1351,Союз Св. Иоанна Воина,2018-01-15 19:05:00,171.6
1355,Тандер,2018-01-15 17:36:00,624.57
1356,Агроторг,2018-01-15 20:22:00,661.03
1357,Детский мир,2018-01-05 17:42:00,2440.8
1358,Не известно,2018-01-15 19:36:00,1807.45
1359,ИП Филимонов А.В.,2018-01-15 18:46:00,380.0
1360,Тандер,2018-01-03 20:21:00,144.3
1361,Тандер,2018-01-15 19:43:00,362.9
1363,ОКТОБЛУ,2018-01-15 15:43:00,4333.0
1364,Центрторг,2018-01-15 15:31:07,675.0
1366,Тандер,2018-01-13 15:42:00,721.0
1367,Ритейл,2018-01-12 12:49:21,606.3
1368,Гемо-фарм,2018-01-12 12:58:00,59.3
1369,Ритейл,2018-01-10 09:44:20,385.8
1370,Ритейл,2018-01-09 11:55:48,98.4
1371,ОБЩЕСТВО С ОГРАНИЧЕННОЙ ОТВЕТСТВЕННОСТЬЮ АШАН,2018-01-14 20:34:00,722.49
1374,АРСКНЕФТЕПРОДУКТ,2017-10-26 07:35:00,1000.0
1375,Гулливер,2018-01-16 08:29:00,337.0
1377,,2018-01-14 21:08:00,509.4
1378,Лента,2018-01-15 18:43:00,1204.0
1379,Лента,2018-01-16 05:58:00,176.0
1380,Бургер Рус,2018-01-16 09:30:00,85.0
1381,ИП Архипов Сергей Георгиевич,2018-01-11 17:01:00,472.5
1382,Соликамскбумпром,2018-01-16 11:51:00,144.0
1383,ИП Перевозников В.Ю.,2017-12-19 15:52:00,1286.0
1384,АШАН,2018-01-07 20:13:00,534.0
1385,Автодор-Платные Дороги,2018-01-16 11:13:00,500.0
1386,,2018-01-13 14:46:00,719.91
1387,Агроторг,2018-01-11 19:36:00,813.0
1388,АШАН 105523  г. Москва,2018-01-13 14:27:00,3285.76
1389,Агроторг,2018-01-11 21:24:00,992.68
1390,,2018-01-06 14:03:00,837.1
1391,Мегафон-Ритейл,2018-01-06 13:28:00,100.0
1392,Мегафон-Ритейл,2018-01-06 13:27:00,100.0
1393,Мегафон Ритейл,2018-01-06 13:26:00,650.0
1394,ИП КУНИЦЫН А.В.,2018-01-16 13:20:00,352.02
1395,Агрокомплекс,2018-01-16 12:54:00,50.0
1396,Тандер,2018-01-16 12:39:00,1114.0
1397,Канц-Запад,2018-01-09 12:01:00,599.2
1401,О'КЕЙ,2018-01-15 16:44:00,298.5
1405,Не известно,2018-01-16 12:42:00,913.93
1406,HOUSE т. 8 (499) 653-55-65  д. 6112131,2018-01-13 15:59:00,149.0
1407,"СемьЯ на Мира, 41",2018-01-16 18:44:00,1274.04
1408,Тандер,2018-01-16 16:57:00,927.23
1409,,2018-01-16 16:33:00,271.0
1410,Тандер,2018-01-16 17:29:00,1074.82
1411,Агроторг,2018-01-16 19:13:00,650.59
1412,Не известно,2018-01-16 19:30:00,247.95
1413,Не известно,2018-01-16 21:22:00,415.27
1414,Сити Ресторантс,2018-01-16 20:37:32,2080.0
1420,Тандер,2018-01-16 19:20:00,140.0
1421,Тандер,2018-01-16 19:11:00,1588.0
1422,,2018-01-15 20:07:00,2733.4
1423,Не известно,2018-01-16 23:29:00,3947.95
1424,Гемо-фарм,2018-01-09 12:05:00,85.36
1425,Брянскфармация,2018-01-11 09:17:00,189.4
1438,Тандер,2017-10-31 19:13:00,332.0
1440,Агроторг,2017-12-05 18:36:00,755.0
1441,Ритейл,2017-10-24 18:38:32,49.9
1442,,2017-10-18 19:22:00,611.4
1443,,2017-12-09 18:39:00,86.6
1447,Тандер,2017-11-21 18:38:00,1138.0
1450,Ритейл,2017-11-17 18:46:51,179.08
1454,Брянский хлеб,2018-01-02 16:21:00,122.0
1457,Тандер,2017-11-03 19:15:00,1490.0
1460,Тандер,2018-01-08 16:25:00,2119.0
1461,Ритейл,2018-01-11 11:59:31,49.4
1464,Агроторг,2017-11-29 18:25:00,151.0
1466,Брянскфармация,2017-12-08 18:14:00,73.28
1467,Ритейл,2017-10-25 17:27:43,295.8
1470,,2017-12-30 15:09:00,3547.0
1471,Тандер,2017-12-08 18:33:00,531.0
1482,Тандер,2018-01-04 19:55:00,1593.0
1483,Тандер,2017-11-23 19:48:00,927.0
1485,Тандер,2017-11-07 18:17:00,690.0
1486,Тандер,2017-11-16 10:03:00,3054.0
1487,,2017-12-27 17:13:00,50.6
1488,,2017-11-24 18:53:00,89.9
1489,Тандер,2017-11-28 17:58:00,285.0
1491,ИП Глебов Г.Г.,2017-10-21 11:58:00,212.65
1492,Тандер,2017-11-22 18:37:00,277.0
1494,Агроторг,2017-12-27 09:51:00,299.0
1495,Тандер,2017-12-15 18:56:00,1271.0
1497,Тандер,2017-11-22 18:44:00,249.0
1499,Брянский хлеб,2017-11-20 18:33:00,122.0
1501,Гемо-фарм,2018-01-11 12:07:00,12.0
1502,Брянскфармация,2018-01-04 20:02:00,59.48
1503,Брянский хлеб,2017-10-23 18:10:00,122.0
1580,Не известно,2017-12-27 19:22:00,243.1
1581,Соликамскбумпром,2018-01-17 12:36:00,141.5
1590,Тандер,2018-01-17 10:36:00,434.0
1591,НОРМА,2018-01-15 18:20:00,705.0
1592,Тандер,2018-01-17 11:59:00,588.57
1594,ФОКУС-РИТЕЙЛ,2018-01-17 14:32:34,550.0
1595,"г.Котельники,1й Покровский пр-д.,д.4",2018-01-16 17:15:00,1509.0
1596,Юникло (Рус),2018-01-16 18:19:00,999.0
1597,"г.Котельники,1й Покровский пр-д.,д.4",2018-01-16 18:47:00,10382.0
1599,"АШАН 443072, Россия, г.Самаpа, Киpовский",2018-01-17 12:12:00,589.04
1600,Не известно,2018-01-17 13:24:00,320.0
1602,Не известно,2018-01-15 13:05:00,803.0
1603,Не известно,2018-01-17 13:34:00,271.0
1604,Тандер,2018-01-15 17:53:00,3352.65
1606,Не известно,2018-01-17 18:11:00,467.0
1607,Агроторг,2018-01-12 12:43:00,190.5
1608,Газпромнефть-Центр,2018-01-17 05:45:00,999.92
1609,ПродМир,2018-01-17 13:35:00,1008.0
1610,Не известно,2018-01-13 18:38:00,698.32
1618,Не известно,2018-01-17 20:46:00,186.0
1621,Не известно,2018-01-17 16:35:00,617.64
1622,Анжела,2018-01-17 18:40:38,361.0
1625,Л-УЛЬЯНОВСKНЕФТЕПРОДУKТ,2018-01-15 18:50:00,1000.0
1627,АГРОТОРГ,2018-01-17 15:27:00,134.0
1628,Не известно,2018-01-17 20:33:00,152.5
1629,Новый Книжный М,2018-01-17 19:30:00,149.0
1631,ТАТТЕХМЕДФАРМ,2018-01-16 17:42:00,458.0
1638,Одежда 3000,2018-01-17 20:26:06,802.0
1639,Не известно,2018-01-16 14:36:00,6340.0
1640,АРСКНЕФТЕПРОДУКТ,2018-01-16 17:37:00,985.99
1641,Не известно,2018-01-17 09:15:00,261.9
1643,,2018-01-16 18:02:00,182.0
1644,Агроторг,2018-01-17 14:56:00,783.24
1645,ЭЛЕМЕНТ-ТРЕЙД,2018-01-18 10:19:17,199.0
1646,ГЛОРИЯ ДЖИНС,2018-01-16 11:10:00,149.0
1649,Бургер Рус,2018-01-18 09:40:00,85.0
1650,Соликамскбумпром,2018-01-18 12:12:00,181.5
1651,ИП Андриянов А.А.,2018-01-18 12:33:00,329.0
1652,ТХ Сибирский Гигант,2018-01-18 12:43:00,228.7
1653,Элемент-Трейд,2018-01-18 13:35:33,39.0
1657,Тандер,2018-01-17 16:54:00,130.0
1658,Лента,2018-01-16 22:20:00,5291.0
1659,Не известно,2018-01-17 17:56:00,2209.78
1660,Не известно,2018-01-17 13:39:00,338.0
1661,АШАН 121087 г.Москва,2017-11-30 14:05:00,735.96
1662,Сити,2017-12-16 19:36:00,334.27
1664,АШАН,2018-01-16 22:09:00,424.74
1665,Сити,2017-11-04 16:02:00,521.0
1667,Сити,2017-11-17 17:08:00,1171.04
1668,Городской супермаркет,2017-12-29 17:40:00,45.0
1669,Сити,2017-11-12 14:16:00,934.52
1670,Лента,2018-01-13 19:08:00,882.0
1671,Сити,2017-11-01 18:47:00,1499.6
1672,Сити,2017-11-11 19:48:00,344.0
1673,Не известно,2018-01-15 18:30:00,404.08
1674,Лента,2018-01-17 18:30:00,566.0
1675,Сити,2017-11-09 14:07:00,1910.77
1676,Сити,2017-11-19 18:54:00,529.97
1678,Камелот-А,2018-01-17 08:25:00,249.5
1679,Лента,2018-01-18 17:59:00,660.0
1684,Самсон-Фарма,2017-11-22 03:01:00,854.0
1685,Современный дизайн,2017-11-23 14:22:00,1318.0
1686,Сити,2017-11-05 22:53:00,1024.0
1687,Сити,2017-11-26 12:38:00,507.1
1688,Сити,2017-11-28 21:12:00,901.89
1689,Теремок-Инвест,2018-01-08 21:10:15,1004.0
1690,ИП Дудкин Игорь Леонидович,2017-12-23 14:22:00,168.0
1691,Газпромнефть-Центр,2017-12-24 12:33:00,609.0
1692,Сити,2017-12-07 22:55:00,1691.1
1693,Самсон-Фарма,2018-01-14 22:57:00,737.0
1694,Гулливер,2018-01-17 17:47:00,252.0
1695,Самсон-Фарма,2018-01-11 11:41:00,333.0
1696,ТД Перекресток,2018-01-01 18:30:00,2137.82
1698,Первое Решение,2017-11-25 15:38:00,1069.0
1699,Сити,2017-12-02 14:53:00,491.22
1700,Самсон-Фарма,2017-11-30 00:16:00,1231.0
1701,ОБЩЕСТВО С ОГРАНИЧЕННОЙ ОТВЕТСТВЕННОСТЬЮ АШАН,2017-12-12 18:35:00,1838.4
1702,Сити,2017-12-13 14:54:00,1141.4
1703,Сити,2017-12-14 21:14:00,1171.69
1704,СпортМарафон,2017-12-12 16:18:00,2240.0
1705,Пицца Ресторантс,2017-12-03 20:17:00,689.0
1706,Сити,2017-12-06 18:51:00,2038.22
1707,МНИИ ГБ им.Гельмгольца,2017-11-17 10:01:00,3000.0
1708,АШАН,2017-12-19 19:10:00,1242.13
1709,Современный дизайн,2017-12-12 19:27:00,3260.0
1710,Сити,2017-12-24 01:35:00,1042.33
1711,Сити,2017-12-26 19:46:00,974.7
1712,КАРО Фильм Менеджмент,2017-12-17 01:22:00,610.0
1713,Сити,2017-12-27 23:51:00,964.0
1714,ИП Дудкин Игорь Леонидович,2017-12-23 18:53:00,723.85
1715,Теремок-Инвест,2017-12-17 14:41:11,469.0
1716,МЭШАП-СОЮЗ,2017-12-21 13:42:00,780.0
1718,Первое Решение,2018-01-05 17:50:00,572.0
1719,Сити,2018-01-12 19:03:00,971.6
1720,Городской супермаркет,2018-01-01 13:12:00,970.0
1721,Первое Решение,2018-01-03 12:10:00,720.0
1722,Теремок-Инвест,2017-12-17 17:01:33,556.0
1723,Сити,2018-01-02 17:21:00,1288.83
1724,Сити,2017-11-22 03:09:00,734.0
1725,Сити,2017-12-30 15:57:00,3117.5
1726,АШАН,2017-11-29 23:43:00,418.0
1727,Сити,2017-12-03 13:58:00,1198.92
1728,ВKУСВИЛЛ,2018-01-17 13:57:00,157.0
1729,Не известно,2018-01-18 14:32:00,312.0
1730,Не известно,2018-01-18 14:31:00,105.0
1731,Не известно,2018-01-18 15:04:00,608.0
1732,ЭЛЕМЕНТ-ТРЕЙД,2018-01-18 17:31:32,574.0
1733,ЛУКОЙЛ-Центрнефтепродукт,2018-01-18 11:21:00,1346.14
1736,АШАН,2018-01-18 15:22:00,597.0
1737,Тандер,2018-01-09 17:48:00,518.0
1739,Тандер,2018-01-17 16:30:00,102.0
1740,Familia-лидер Off-price ритейла России 077_Универмаг Familia Иремель,2017-12-14 20:47:00,5169.0
1744,Не известно,2018-01-09 20:41:00,14990.0
1745,З ТОРГОВЫЙ ДОМ ПЕРЕKРЕСТОK,2018-01-18 18:16:00,1450.86
1798,АТАК,2018-01-18 17:32:00,318.0
1861,ТД Интерторг,2018-01-11 23:29:00,419.0
1862,Фудтрейд,2018-01-18 17:36:00,593.5
1863,НОВЫЙ ИМПУЛЬС-50,2018-01-17 16:12:00,3114.67
1864,МАКДОНАЛДС,2018-01-04 16:36:54,483.0
1865,КРОКУС ИНТЕРНЭШНЛ,2018-01-18 18:03:10,169.0
1866,Тандер,2018-01-17 17:03:00,738.0
1872,Евросеть Ритейл,2017-12-29 15:42:00,4000.0
1873,ИКЕА ДОМ,2018-01-17 18:23:00,338.0
1874,СЕЛЕКТ,2018-01-19 09:54:00,1649.0
1875,Соликамскбумпром,2018-01-19 11:45:00,195.5
1876,РУССKИЕ МАШИНЫ,2018-01-18 21:49:00,46.0
1877,Дикси ЮГ,2018-01-12 09:35:00,286.0
1878,Дикси ЮГ,2018-01-18 09:47:00,154.35
1879,Не известно,2018-01-19 10:28:00,50.0
1880,Тандер,2018-01-19 10:40:00,247.83
1882,,2018-01-19 13:06:00,548.4
1883,ЭЛЬДОРАДО,2017-12-25 21:35:00,8999.0
1884,Камелот-А,2018-01-19 10:25:00,216.0
1885,САГАН,2018-01-19 08:27:00,1649.79
1886,,2018-01-19 10:59:00,1011.0
1893,Дикси Юг,2018-01-13 16:37:00,1223.0
1894,Дикси ЮГ,2018-01-12 18:11:00,728.29
1895,Не известно,2018-01-06 22:56:00,1872.86
1914,Тетрис-Калининград,2018-01-18 19:52:00,461.3
1915,Дикси ЮГ,2018-01-19 16:18:00,83.0
1916,Дикси ЮГ,2018-01-19 08:25:00,206.0
1917,Дельта,2018-01-19 15:14:00,209.0
1918,АШАН,2018-01-19 15:09:00,725.85
1919,АТАК,2018-01-19 17:13:00,557.0
1920,З МОСКВА-МАКДОНАЛДС,2018-01-19 18:41:01,736.0
1921,Бэст Прайс,2018-01-19 18:27:00,392.3
1922,OOOМАКДОНАЛДС,2018-01-19 18:34:13,229.0
1923,АТАК,2018-01-19 17:37:00,826.0
1924,Кораблик-Р,2017-12-25 17:20:11,1476.0
1926,ИП Алехин Д. А.                                Осипенко 27,2018-01-19 18:52:00,511.73
1927,Тандер,2018-01-13 20:25:00,200.1
1928,Не известно,2018-01-19 19:08:00,173.7
1929,Тандер,2018-01-19 18:02:00,598.0
1930,Газпромнефть-Центр,2018-01-19 15:08:00,1611.88
1931,Гурман Юг,2018-01-19 13:48:00,278.81
1932,Флагман,2018-01-19 13:47:00,301.36
1933,Не известно,2017-11-21 10:56:00,2705.0
1934,ЭЛЕГИЯ,2018-01-20 00:02:00,552.0
1935,Авоська-два,2018-01-19 20:18:00,539.0
1936,Касторама РУС,2018-01-19 16:18:00,5142.0
1937,БигБокс,2018-01-19 13:25:00,7531.0
1938,Розница К-1,2018-01-04 18:02:00,305.0
1939,КОМПЛЕКСНЫЙ ЦЕНТР СОЦИАЛЬНОГО ОБСЛУЖИВАНИЯ НАСЕЛЕНИЯ,2017-12-13 15:03:00,354.6
1940,ОБЩЕСТВО С ОГРАНИЧЕННОЙ ОТВЕТСТВЕННОСТЬЮ АШАН,2018-01-19 15:18:00,130.0
1941,ИП Патрушева А.С.,2018-01-03 12:31:00,3274.0
1942,Индивидуальный предприниматель Сидорова Надежда Николаевна,2017-10-30 17:38:00,1140.0
1943,ИП Патрушева А.С.,2017-12-18 17:34:00,4013.0
1944,ИП Патрушева А.С.,2017-12-19 17:24:00,2253.0
1945,ИП Патрушева А.С.,2017-12-11 17:14:00,3356.0
1946,,2017-12-01 17:01:00,5089.8
1947,ИП Патрушева А.С.,2017-11-07 17:15:00,1703.0
1948,,2017-12-31 12:49:00,5167.32
1949,Газпромнефть-Центр,2018-01-10 10:07:00,890.38
1950,Не известно,2018-01-19 21:20:00,847.5
1951,ДЕТСКИЙ МИР,2018-01-18 10:36:00,435.0
1952,АKЦИОНЕРНОЕ ОБЩЕСТВО НK РОСНЕФТЬ-СТАВРОПОЛЬЕ,2018-01-20 07:58:00,500.0
1953,ИП Засеев Д.Ч.,2018-01-13 12:30:00,500.0
1954,ПродМир,2018-01-20 11:43:00,854.0
1955,Газпромнефть-Центр,2018-01-20 12:02:00,1700.68
1956,ТД Интерторг,2018-01-20 11:56:00,110.5
1957,Фреш Маркет,2018-01-20 12:24:00,1012.0
1958,Бета-М,2018-01-20 12:36:00,652.87
1959,Не известно,2018-01-19 16:59:00,205.63
1963,ПОЧТА РОССИИ,2018-01-20 12:59:00,2000.0
1964,Косино и Ко,2018-01-19 22:29:32,128.16
1965,ОБЩЕСТВО С ОГРАНИЧЕННОЙ ОТВЕТСТВЕННОСТЬЮ АШАН,2017-12-10 13:19:00,3040.98
1966,Не известно,2018-01-20 15:24:00,1345.0
1967,,2018-01-20 14:58:00,259.0
1968,Альфа Сургут,2018-01-20 16:32:00,565.0
1969,АБСОЛЮТ,2018-01-20 14:27:00,449.8
1970,ЛУКОЙЛ-Северо-Западнефтепродукт,2018-01-19 10:35:00,299.5
1971,Kлайман Василий Олегович,2018-01-20 16:14:00,498.0
1972,Дикси Юг,2018-01-20 17:00:00,100.56
1973,Тамерлан,2018-01-13 13:50:00,309.0
1974,Тандер,2018-01-10 17:50:00,327.9
1975,Тамерлан,2018-01-13 12:47:00,420.0
1976,Тандер,2018-01-09 17:39:00,187.6
1977,Тандер,2018-01-13 13:17:00,847.59
1978,Тандер,2018-01-19 17:30:00,381.73
1979,Тамерлан,2018-01-10 18:11:00,257.0
1980,Тамерлан,2018-01-13 13:46:00,281.0
1981,Тандер,2018-01-16 17:53:00,536.64
1982,О`КЕЙ,2018-01-06 16:41:00,826.0
1983,Тандер,2018-01-06 15:37:00,996.21
1984,ЭЛЬДОРАДО,2018-01-06 15:58:00,1000.0
1994,Не известно,2018-01-20 17:12:00,458.3
1995,ИП Бондарев Н.В.,2018-01-20 17:29:00,267.0
1996,Башнефть-Розница,2018-01-20 17:03:00,1000.0
1997,Нива,2018-01-20 17:16:55,189.5
1998,БАУЦЕНТР РУС,2018-01-03 12:10:00,1071.0
1999,Тандер,2018-01-20 13:31:00,350.55
2000,СИТИ,2018-01-05 21:42:00,2163.33
2001,СИТИ,2018-01-11 19:30:00,68.0
2002,З МОСКВА-МАКДОНАЛДС,2018-01-19 11:44:55,833.0
2003,Лента,2018-01-17 19:38:00,2524.0
2004,АПТЕКА-А.в.е,2018-01-10 19:02:00,504.0
2005,МАКДОНАЛДС,2018-01-20 20:06:52,94.0
2006,ОБЩЕСТВО С ОГРАНИЧЕННОЙ ОТВЕТСТВЕННОСТЬЮ СПОРТМАСТЕР,2018-01-20 17:56:00,2138.0
2007,ОБЩЕСТВО С ОГРАНИЧЕННОЙ ОТВЕТСТВЕННОСТЬЮ АШАН,2018-01-20 19:42:00,2501.63
2008,Зельгрос,2018-01-20 19:53:00,4580.39
2009,АШАН,2018-01-03 21:31:00,1915.19
2010,ФРАНСУА ПЕKАРНЯ,2018-01-20 16:03:00,2061.04
2011,Городской супермаркет,2018-01-20 18:10:00,2891.0
2012,АШАН,2018-01-20 19:29:00,2370.24
2013,ИП Дудкина Наталия Николаевна,2017-12-30 16:29:00,878.5
2014,Агроторг,2018-01-20 21:14:00,1695.0
2015,Агроторг,2018-01-15 17:48:00,1304.0
2016,АШАН,2018-01-20 16:34:00,2290.69
2017,Леруа Мерлен Восток,2018-01-20 21:32:00,2078.0
2018,Тандер,2018-01-20 17:22:00,145.0
2019,Камелот-А,2018-01-15 18:14:00,79.5
2020,Камелот-А,2018-01-12 14:55:00,142.0
2021,Тандер,2018-01-13 15:08:00,583.0
2022,Лента,2017-12-16 17:08:00,3382.0
2023,Дина,2017-12-30 10:14:00,734.5
2024,Купишуз,2018-01-21 10:04:00,1391.0
2025,"АШАН 443072, Россия, г.Самаpа, Киpовский",2018-01-21 08:58:00,754.42
2026,<Будь здоров!>,2018-01-18 19:53:00,74.0
2027,Не известно,2018-01-21 09:20:00,418.1
2028,Зельгрос,2017-12-31 03:45:00,3408.49
2029,ТД,2018-01-19 18:19:00,610.0
2030,Не известно,2018-01-15 18:13:00,403.36
2031,АШАН,2018-01-10 19:58:00,193.31
2032,ТД,2018-01-16 18:19:00,296.69
2033,Лента,2017-12-27 18:08:00,6514.0
2034,Камелот-А,2017-12-18 18:12:00,110.0
2035,Лента,2017-12-19 19:20:00,2553.0
2036,Не известно,2017-12-17 19:29:00,674.9
2037,Не известно,2017-12-17 19:30:00,890.73
2038,Камелот-А,2017-12-15 15:48:00,176.0
2039,Глобал-Маркет,2017-12-14 19:25:00,1213.67
2040,Лента,2017-12-09 11:09:00,2758.0
2041,Глобал-Маркет,2017-12-07 20:17:00,0.0
2042,Не известно,2017-12-03 17:48:00,1983.38
2043,Лента,2017-11-26 11:56:00,2551.0
2044,Не известно,2017-11-25 17:25:00,1290.23
2045,Камелот-А,2017-11-21 18:35:00,491.5
2046,Спар-Томск,2017-11-20 20:44:00,1064.5
2047,АМЕТИСТ,2018-01-21 17:29:00,2126.5
2048,142770 п.Сосенское Калужское ш 21-й км,2018-01-21 10:38:00,837.0
2049,ТАТНЕФТЬ-АЗС ЦЕНТР,2018-01-19 13:30:00,1000.0
2050,ТД Перекресток,2018-01-19 18:01:00,1826.31
2051,Тандер,2018-01-21 11:37:00,881.97
2052,Не известно,2018-01-19 18:38:00,1201.7
2053,ТД Перекресток,2018-01-12 17:36:00,272.91
2054,Ям! Ресторантс Интернэшнл Раша Си Ай Эс,2018-01-21 11:31:00,273.0
2055,ОБЩЕСТВО С ОГРАНИЧЕННОЙ ОТВЕТСТВЕННОСТЬЮ ТД ЧЕЛНЫ-ХЛЕБ,2018-01-20 20:00:00,250.33
2056,ВОЛГАТОРГ,2018-01-16 21:36:00,55.0
2058,142770 п.Сосенское Калужское ш 21-й км,2018-01-21 13:30:00,167.0
2059,ЛБК,2018-01-21 13:31:47,669.0
2060,Не известно,2018-01-21 13:13:00,695.26
2061,ИП Луцкий А.В.,2018-01-20 21:55:00,187.5
2062,Ям! Ресторантс Раша,2018-01-21 17:44:24,578.0
2063,Лента,2018-01-21 13:59:00,3477.0
2064,Дикси ЮГ,2018-01-21 14:47:00,471.93
2065,Не известно,2018-01-21 14:32:00,3339.55
2066,Тандер,2018-01-18 18:33:00,527.0
2068,Рич Фэмили,2018-01-16 17:13:00,245.0
2069,Лента,2018-01-21 08:25:00,153.0
2070,Рич Фэмили,2018-01-21 16:20:00,270.0
2071,ГРАНД,2018-01-21 15:24:00,793.0
2072,АТАК,2018-01-21 15:26:00,329.0
2073,Не известно,2018-01-21 15:22:00,1498.0
2075,Пятью пять,2018-01-21 15:42:00,518.35
2076,Тандер,2018-01-21 15:53:00,615.6
2077,Бэст Прайс,2018-01-21 16:01:00,75.0
2078,ОКЕЙ,2018-01-21 18:14:00,1979.5
2079,ДЕТСКИЙ МИР,2018-01-21 14:08:00,241.3
2080,Лента,2018-01-21 17:36:00,8974.0
2081,ОБЩЕСТВО С ОГРАНИЧЕННОЙ ОТВЕТСТВЕННОСТЬЮ АШАН,2018-01-21 13:05:00,3065.45
2082,РУСАЛKО 4,2018-01-21 18:26:00,392.0
2083,<Тандер>,2018-01-21 18:15:00,247.0
2084,ДНС-ЦФО,2018-01-03 16:33:00,650.0
2085,Не известно,2018-01-10 22:04:00,2330.0
2086,Лента,2018-01-21 18:59:00,2803.0
2087,ОБЩЕСТВО С ОГРАНИЧЕННОЙ ОТВЕТСТВЕННОСТЬЮ СПОРТМАСТЕР,2018-01-21 18:05:00,499.0
2088,Не известно,2018-01-21 19:33:00,789.1
2090,Не известно,2018-01-15 22:40:00,991.0
2091,Не известно,2018-01-21 19:12:00,315.2
2092,Агроаспект,2018-01-21 17:18:00,514.42
2093,Не известно,2018-01-21 19:10:00,434.0
2094,Не известно,2018-01-21 19:04:00,98.31
2095,Не известно,2018-01-21 19:06:00,371.5
2096,Агроаспект,2018-01-21 18:27:00,99.9
2097,Агроаспект,2018-01-21 18:36:00,650.0
2098,Агроаспект,2018-01-21 15:59:00,376.0
2099,Агроаспект,2018-01-21 16:35:00,187.0
2100,Агроаспект,2018-01-21 17:17:00,289.95
2101,Агроторг,2018-01-10 18:25:00,270.0
2102,Теремок - Кондитерская,2018-01-21 18:32:01,194.0
2103,Не известно,2018-01-21 16:02:00,1419.0
2104,Агроторг,2018-01-06 14:16:00,466.0
2105,МОЛЛ,2018-01-13 21:30:00,320.0
2106,Посуда-Центр сервис,2018-01-21 17:27:00,169.0
2107,Агроторг,2018-01-17 20:54:00,167.74
2108,Не известно,2018-01-20 16:02:00,590.7
2109,Тандер,2018-01-20 15:44:00,38.0
2110,Агроторг,2018-01-15 18:18:00,361.0
2111,МОЛЛ,2018-01-21 18:07:00,615.0
2112,Агроторг,2018-01-11 18:20:00,273.0
2113,Тандер,2018-01-06 21:06:00,381.0
2114,Тандер,2018-01-09 19:46:00,60.0
2115,Агроторг,2018-01-08 21:03:00,378.0
2116,Агроторг,2018-01-20 17:23:00,71.0
2117,ДЕТСКИЙ МИР,2018-01-20 16:15:00,510.5
2118,ПРОГРЕСС-ФАРМАИМПЕКС,2018-01-20 14:48:00,331.0
2119,Детки,2018-01-19 16:12:00,772.5
2245,Дикси ЮГ,2018-01-21 15:31:00,482.0
2246,Не известно,2018-01-20 11:42:00,696.88
2247,ТОРГОВАЯ СЕТЬ КОМАНДОР,2018-01-22 12:14:00,2059.8
2248,АМЕТИСТ,2018-01-21 20:53:00,4938.0
2249,Бургер Рус,2018-01-22 09:25:00,85.0
2250,АШАН,2018-01-20 12:26:00,8783.48
2251,Тандер,2018-01-21 17:47:00,135.84
2252,ДНС-Курск,2017-12-25 11:50:00,460.0
2253,ИП Сафронов Данила Анатольевич,2018-01-22 10:16:00,440.0
2254,ТОРГОВЫЙ ДОМ,2018-01-20 13:47:00,1004.32
2255,Не известно,2018-01-16 22:04:00,1783.0
2256,Агроторг,2018-01-21 18:29:00,198.0
2257,Нова Пек,2018-01-22 12:23:00,188.0
2258,СИТИ ЛАЙФ-БУРЕВЕСТНИK,2018-01-22 11:08:00,310.0
2259,Не известно,2018-01-22 11:13:00,295.0
2260,Тандер,2018-01-20 21:53:00,104.0
2261,МЕТРО Кэш энд Керри,2018-01-19 15:57:00,7971.69
2262,"Аптека  ГАС+                  (г. Новотроицк, ул. Мира, 10)",2017-12-31 11:01:00,285.0
2263,СМАРТ,2018-01-12 19:48:00,655.44
2264,ПродМир,2018-01-22 13:08:00,1427.0
2265,ЗДНО,2018-01-22 12:28:00,1331.5
2266,ИП Федотова Я.К.,2017-12-21 08:44:00,576.0
2267,Шелл Нефть,2018-01-22 09:03:00,386.1
2268,Не известно,2018-01-21 17:16:00,455.0
2269,Эркафарм Северо-запад,2018-01-20 13:13:00,178.0
2270,ХЕЛИКС БАЛТИКА,2018-01-16 13:36:00,745.0
2271,Не известно,2018-01-22 12:17:00,1165.24
2272,ЧОУ ВО <Омская юридическая академия>,2017-12-04 14:40:00,3500.0
2273,ИП Федотова Я.К.,2018-01-22 08:21:00,1035.0
2274,Не известно,2017-12-15 16:02:00,92190.0
2275,Газпромнефть-Центр,2018-01-18 13:22:00,2376.0
2276,МЭЛОН ФЭШН ГРУП,2018-01-16 18:52:00,3999.0
2277,Не известно,2018-01-16 15:14:00,627.0
2278,Мэрт Фуд,2018-01-16 16:10:00,1005.38
2279,МАКДОНАЛДС,2018-01-16 18:27:35,109.0
2280,"КЛ ГРУПП 350000 Краснодарский край, Краснодар г.",2018-01-16 14:46:00,8580.0
2281,Галерея Краснодар,2018-01-16 19:21:00,50.0
2282,АДИДАС,2018-01-16 17:36:00,5390.0
2283,Чикен Юг,2018-01-17 16:29:28,248.0
2284,Дикси Юг,2018-01-22 15:43:00,85.5
2293,Бэст Прайс,2018-01-22 15:11:00,569.0
2294,Санги Стиль,2018-01-22 15:38:00,241.3
2295,Не известно,2018-01-22 15:47:00,71.9
2299,Не известно,2018-01-22 13:21:00,659.0
2300,,2018-01-22 16:08:00,211.88
2301,,2018-01-22 16:08:00,15.0
2302,Не известно,2018-01-22 16:52:00,101.0
2303,Лента,2018-01-19 19:34:00,725.0
2304,Не известно,2018-01-20 21:54:00,810.6
2305,О'КЕЙ,2018-01-22 14:41:00,641.0
2306,Не известно,2018-01-21 20:25:00,12.9
2307,Дикси ЮГ,2018-01-21 20:05:00,20.0
2308,КД,2018-01-21 19:54:00,22.32
2315,,2017-12-05 20:18:00,50.0
2316,<ИЛЬ ДЕ БОТЭ>,2018-01-20 11:38:00,5085.0
2323,Пятью пять,2018-01-22 19:58:00,616.3
2324,АПТЕКА-А.в.е-1,2018-01-22 18:43:00,1203.87
2332,Объединенные Системы Сбора Платы,2018-01-22 20:57:00,130.0
2333,Полинея,2018-01-22 18:04:00,1202.0
2334,Союз Св. Иоанна Воина,2018-01-22 20:21:00,277.5
2335,ГАРОМИС,2018-01-22 16:01:00,410.15
2346,ТОРГОВЫЙ ДОМ,2018-01-22 18:53:00,574.0
2347,Брянский хлеб,2018-01-20 18:12:00,54.0
2348,Тандер,2018-01-18 19:16:00,1671.0
2349,<Тандер>,2018-01-19 17:58:00,54.0
2350,Тандер,2018-01-21 15:28:00,1190.0
2367,Элемент-Трейд,2018-01-23 09:32:33,294.0
2368,НоваТор,2018-01-20 14:24:00,750.37
2369,ГЭС розница,2018-01-22 18:52:00,999.89
2370,Зельгрос,2018-01-20 14:14:00,814.21
2371,ЛУКОЙЛ-Северо-Западнефтепродукт,2018-01-22 09:09:00,1171.92
2372,ИП Алехин Д. А.                                Осипенко 27,2018-01-22 18:52:00,424.22
2373,О'КЕЙ,2018-01-22 16:00:00,677.0
2374,ТД Перекресток,2017-12-21 09:24:00,562.5
2375,Не известно,2018-01-23 12:35:00,195.0
2376,БАНАЕВЪ,2018-01-23 13:10:00,100.0
2377,БАНАЕВЪ,2018-01-23 13:08:00,305.1
2378,,2018-01-23 11:24:00,750.36
2379,Волга Мода,2018-01-23 10:44:00,75.0
2380,СТД,2018-01-13 17:46:00,7267.0
2381,АШАН,2018-01-23 12:41:00,2768.37
2382,АТАК,2018-01-22 14:51:00,89.7
2383,Агроторг,2018-01-23 12:14:00,328.3
2384,АНАТ,2018-01-13 15:37:00,549.0
2385,Камелот-А,2018-01-20 12:08:00,194.5
2386,Тандер,2018-01-23 12:53:00,77.58
2387,Новая СемьЯ,2018-01-12 12:17:00,25.5
2388,ВКУСНЫЙ ДОМ,2018-01-23 09:07:00,307.8
2390,Тандер,2018-01-23 17:38:00,182.9
2391,Агроторг,2018-01-23 13:15:00,392.25
2392,Гиперглобус,2018-01-21 13:36:00,11229.61
2393,Гиперглобус,2018-01-06 14:39:00,8562.19
2394,АШАН,2018-01-23 11:21:00,962.0
2395,Тандер,2018-01-11 14:33:00,468.57
2396,Фреш Маркет,2018-01-23 14:33:00,96.0
2397,Тандер,2018-01-22 14:53:00,434.0
2398,Не известно,2018-01-21 19:19:00,96.0
2399,Тандер,2018-01-22 14:54:00,96.0
2400,Ригла,2018-01-02 11:00:00,17.0
2401,Не известно,2018-01-16 18:56:00,387.0
2402,Не известно,2018-01-20 16:54:00,96.0
2403,,2018-01-18 17:02:00,300.0
2404,ЗЕЛЬГРОС,2018-01-21 19:13:00,349.0
2405,АЛФАВИТ-ПРОДУКТЫ,2018-01-16 22:10:00,96.0
2424,Агроторг,2017-09-26 12:31:00,243.0
2427,,2017-09-18 12:34:00,250.0
2428,О ТД Холдинг-Центр,2017-09-03 10:43:00,490.0
2448,"Эй Кей Ресторантс Раша,",2018-01-23 07:41:53,162.0
2449,Леруа Мерлен Восток,2018-01-10 16:09:00,529.0
2450,Агроторг,2018-01-23 16:42:00,802.29
2451,Не известно,2018-01-16 14:30:00,567.39
2452,ПУД,2018-01-23 15:43:00,830.65
2453,ЛУКОЙЛ-Центрнефтепродукт,2017-11-13 07:17:00,2234.88
2454,ИП Локтев А.В.,2017-11-19 15:37:00,340.0
2455,Леруа Мерлен Восток,2018-01-05 18:38:00,2707.0
2456,Индивидуальный предприниматель Бочарова Ольга Ивановна,2018-01-22 09:55:00,303.0
2457,Тандер,2018-01-23 16:45:00,1113.89
2458,Дикси Юг,2018-01-23 17:21:00,287.76
2459,Дикси ЮГ,2018-01-21 18:14:00,275.0
2460,Бэст Прайс,2018-01-23 17:11:00,212.5
2461,Не известно,2018-01-23 18:29:00,323.0
2462,Самсон-Фарма,2018-01-04 16:19:00,352.0
2463,Сходненское,2018-01-12 15:19:00,271.0
2464,Табер Трейд,2018-01-23 16:46:26,514.0
2465,Не известно,2018-01-23 10:18:00,422.0
2466,Индивидуальный предприниматель Кирилина Наталья Николаевна,2017-11-19 16:07:00,254.0
2467,Южный Двор -260,2018-01-23 18:37:08,477.0
2468,ИKС-KОМ,2018-01-23 19:18:00,1700.0
2469,СПАР Рязань СПАР-201,2018-01-23 18:13:00,178.78
2470,Т и К Продукты,2018-01-23 15:03:00,115.0
2471,Юлплейс,2018-01-23 19:54:00,610.0
2475,Не известно,2018-01-23 20:16:00,338.95
2476,ЕВРОПА,2018-01-22 21:23:49,358.0
2477,ФОРМАТ,2018-01-23 23:43:11,555.7
2478,,2018-01-22 19:02:00,126.8
2479,,2018-01-23 18:29:00,51.1
2480,РН-Москва,2018-01-23 21:44:00,200.0
2481,,2017-12-15 08:03:00,22.0
2482,ИП Николаев А.В.,2017-12-31 15:17:00,342.0
2489,Бургер Рус,2018-01-23 09:30:00,85.0
2490,,2018-01-23 22:37:00,771.5
2493,АШАН,2017-12-31 15:54:00,1687.0
2494,Лента,2018-01-05 22:04:00,1066.0
2495,"Элемент Трейд                    Каменск-Уральский, Каменская, 48",2018-01-22 11:59:00,84.0
2496,МЕРИДИАНА,2018-01-24 10:53:00,273.0
2497,Радиус Хабаровск,2018-01-19 21:36:00,1582.73
2498,Не известно,2018-01-23 19:10:00,90.0
2499,Тандер,2018-01-23 19:06:00,73.8
2500,Не известно,2018-01-24 08:17:00,485.86
2501,Бургер Рус,2018-01-24 09:23:00,85.0
2502,Не известно,2018-01-23 12:01:00,387.25
2503,СТД,2018-01-23 10:17:00,229.0
2504,Агроторг,2018-01-21 18:19:00,261.0
2505,0277,2018-01-18 20:43:00,362.0
2506,СНОУБОРД ИНВЕСТ,2018-01-20 17:03:00,1200.0
2507,OOOМАКДОНАЛДС,2018-01-24 12:36:37,247.0
2508,ТК Лето,2018-01-16 18:29:00,380.06
2509,Не известно,2018-01-23 17:28:00,125.0
2510,Чепецкнефтепродукт,2018-01-24 12:21:00,500.0
2511,,2018-01-24 15:21:00,64.89
2512,Энергосбыт Плюс,2018-01-24 11:17:00,854.28
2513,Энергосбыт Плюс,2018-01-24 11:16:00,1007.98
2514,Карлугас,2018-01-22 22:53:55,359.5
2515,ТД Ярмарка,2018-01-22 22:53:56,300.5
2516,ЛУКОЙЛ-Уралнефтепродукт,2018-01-21 17:05:00,1126.5
2517,ЛУКОЙЛ-Уралнефтепродукт,2018-01-18 16:05:00,1213.25
2518,ЛУКОЙЛ-Уралнефтепродукт,2018-01-17 18:47:00,1197.95
2519,ЛУКОЙЛ-Уралнефтепродукт,2018-01-23 19:06:00,1126.5
2520,АШАН 196244  г. Санкт-Петеpбуpг,2018-01-22 16:31:00,2167.04
2521,ФРЕШ-1,2018-01-24 19:08:00,328.68
2522,МЕРИДИАНА,2017-12-21 18:00:00,961.5
2523,МЕРИДИАНА,2017-12-13 18:14:00,671.0
2524,ИП Шакурова А.В.,2018-01-22 13:08:00,1690.0
2525,"Экспресс Ритейл       Москва, ул. Новослободская 34/2",2018-01-24 13:09:00,309.0
2526,Центральный Банк Российской Федерации,2018-01-24 14:20:00,208.82
2527,Бета Пермь,2018-01-17 18:41:00,639.0
2528,ГЭС розница,2018-01-19 15:52:00,0.0
2529,ТРАПЕЗА,2018-01-24 12:32:00,195.0
2530,Дикси Юг,2018-01-24 15:23:00,76.42
2543,Не известно,2018-01-24 15:33:00,280.29
2544,Не известно,2018-01-24 15:34:00,100.0
2545,Кагиров И.Ш.,2018-01-24 17:25:00,100.0
2546,АПТЕKА-А.в.е,2018-01-23 14:10:00,1362.8
2547,Дикси ЮГ,2018-01-24 15:05:00,165.0
2548,Дикси Юг,2018-01-23 13:32:00,26.0
2549,АЛИОТ,2018-01-24 18:55:00,1872.5
2550,Камелот-А,2018-01-23 18:09:00,139.0
2551,Лента,2018-01-24 18:06:00,412.0
2552,ЖИВЫЕ ДИВАНЫ,2018-01-23 17:56:00,24290.0
2558,Не известно,2018-01-24 17:05:00,428.09
2559,Газпромнефть-Центр,2018-01-24 19:16:00,199.93
2560,Не известно,2018-01-24 17:32:00,279.7
2561,Тандер,2018-01-22 16:41:00,582.7
2562,ИНВИТРО-УРАЛ,2018-01-10 08:09:00,570.0
2564,БАЙКАЛ,2018-01-24 18:24:00,239.0
2565,Не известно,2018-01-24 16:30:00,1171.61
2566,Не известно,2018-01-24 15:39:00,1298.3
2567,Не известно,2018-01-23 15:49:00,564.0
2590,СПАР Рязань СПАР-201,2018-01-24 18:23:00,101.62
2591,"АШАН 142770, гоpод Москва",2017-12-26 14:27:00,11711.0
2605,Не известно,2018-01-24 18:28:00,390.99
2606,Камелот-А,2018-01-19 20:43:00,175.5
2607,Лента,2018-01-06 22:40:00,299.0
2608,Камелот-А,2018-01-12 17:09:00,333.5
2611,Кофе Сирена,2018-01-21 17:20:00,920.0
2612,Дикси ЮГ,2018-01-24 08:45:00,363.95
2616,КОРЗИНКА-6,2018-01-24 11:20:00,310.1
2619,Тандер,2018-01-22 13:07:00,743.74
2621,Не известно,2018-01-24 20:16:00,647.0
2622,,2018-01-24 18:35:00,3192.0
2623,Не известно,2018-01-24 19:39:00,3845.0
2624,ТД Перекресток,2018-01-24 20:32:00,539.16
2625,ЛУКОЙЛ-ВОЛГАНЕФТЕПРОДУКТ,2017-11-17 12:18:00,1121.7
2626,Леруа Мерлен Восток,2018-01-04 20:50:00,340.0
2627,АШАН,2018-01-24 18:34:00,410.06
2628,Магазин Я Любимый Дмитровское шоссе 80 стр.1,2018-01-24 21:39:56,954.0
2629,АШАН 105523  г. Москва,2018-01-24 21:40:00,688.96
2630,Табер Трейд,2017-12-29 16:51:00,6911.0
2631,О'КЕЙ,2017-11-17 19:49:00,1754.0
2632,Бум-Маркет,2018-01-24 17:54:00,1542.53
2633,Леруа Мерлен Восток,2018-01-22 14:39:00,267.0
2634,Виктория Балтия,2018-01-24 18:46:00,4366.0
2635,Дикси ЮГ,2018-01-24 19:22:00,380.0
2636,АТАК,2018-01-24 19:46:00,272.0
2640,Агроторг,2018-01-16 17:16:00,1538.28
2641,Евросеть-Ритейл,2018-01-11 18:51:00,50.0
2642,Не известно,2018-01-21 20:49:00,737.6
2643,Не известно,2018-01-24 20:36:00,45.0
2644,Центральная ППК,2017-12-29 22:19:00,2390.0
2645,Лента,2018-01-24 22:04:00,3091.0
2646,Газпромнефть-Центр,2018-01-25 09:09:00,499.94
2680,Не известно,2018-01-23 12:18:00,538.0
2681,Не известно,2018-01-13 20:52:00,1930.5
2682,Тандер,2018-01-20 15:00:00,267.0
2683,Тандер,2018-01-24 15:43:00,1668.04
2684,Альфа Сургут,2018-01-24 16:15:00,207.87
2685,ИП Казанцев А.Н.,2018-01-24 14:46:00,1663.0
2686,Тандер,2018-01-24 16:11:00,359.0
2687,,2017-12-24 18:47:00,409.0
2688,Агроторг,2018-01-17 19:38:00,1033.84
2689,Агроторг,2018-01-20 21:42:00,874.8
2690,Тандер,2018-01-25 09:43:00,1009.66
2691,Не известно,2018-01-25 16:01:00,126.8
2692,Центральная ППК,2018-01-25 09:30:00,88.0
2693,Не известно,2018-01-25 12:20:00,99.9
2694,Тандер,2018-01-25 12:28:00,256.86
2695,Тандер,2018-01-25 14:07:00,1050.0
2699,Городской супермаркет,2018-01-16 16:26:00,600.0
2701,Не известно,2018-01-24 19:39:00,362.99
2702,Дикси ЮГ,2018-01-23 15:25:00,493.0
2703,НАРВА,2018-01-25 10:24:00,393.0
2704,НАРВА,2018-01-25 10:08:00,1246.0
2705,СПб-Электро,2018-01-24 09:40:00,767.7
2706,Максидом,2018-01-23 20:43:00,480.0
2707,ТД Интерторг,2018-01-24 23:50:00,344.5
2708,ТД Интерторг,2018-01-25 01:49:00,94.5
2717,Лента,2018-01-23 14:23:00,102.0
2718,Био-Веста М,2018-01-23 13:34:00,264.0
2719,Лента,2018-01-21 18:02:00,4093.0
2720,Тандер,2018-01-25 16:40:00,385.29
2721,Тандер,2018-01-16 14:06:00,522.18
2722,Тандер,2018-01-25 16:32:00,359.0
2723,ВИKТОРИЯ,2018-01-25 16:12:00,30.0
2724,Не известно,2018-01-25 18:24:00,828.0
2725,Пятью пять,2018-01-25 19:12:00,317.04
2726,ДЕТСКИЙ МИР,2018-01-25 17:42:00,674.0
2727,СОЮЗ СВЯТОГО ИОАННА ВОИНА,2018-01-25 18:55:00,735.12
2728,ТПК,2018-01-22 16:55:00,155.0
2729,ЛАГИДЖ СЕРВИС,2018-01-22 13:11:00,230.0
2730,,2018-01-25 17:25:00,100.0
2731,Шелл Нефть,2018-01-25 13:42:00,1432.65
2732,АШАН,2018-01-25 16:49:00,2115.4
2733,Сатурн,2017-12-24 11:29:00,2999.0
2734,Не известно,2018-01-25 19:50:00,878.46
2741,Kорнели Фудс,2018-01-23 15:08:00,4699.0
2742,Дикси Юг,2018-01-25 20:50:00,69.83
2743,Агроторг,2018-01-25 20:39:00,195.0
2757,ТД Интерторг,2018-01-25 14:52:00,1034.5
2758,ГАЛАКТИОН,2018-01-25 19:32:52,69.1
2766,НОВГОРОДНЕФТЕПРОДУКТ,2017-11-13 16:37:00,1012.99
2767,Не известно,2018-01-25 00:11:00,1224.0
2782,АГРОАСПЕКТ,2018-01-25 19:26:00,613.0
2783,АГРОАСПЕКТ,2018-01-21 16:39:00,524.0
2784,Не известно,2018-01-22 15:21:00,555.92
2785,,2018-01-23 21:49:00,20.0
2786,Авоська-два,2018-01-25 21:11:00,1188.0
2787,МЯСНОВЪ - 77,2018-01-15 17:09:00,381.0
2788,АГРОАСПЕКТ,2018-01-24 18:26:00,1413.41
2789,АГРОАСПЕКТ,2018-01-21 14:50:00,1437.0
2790,Лента,2018-01-16 19:16:00,615.0
2791,АРСКНЕФТЕПРОДУКТ,2018-01-25 07:16:00,1000.0
2792,Не известно,2018-01-25 20:00:00,53.0
2793,МЕРКУРИЙ,2018-01-25 19:04:00,151.23
2794,СТРОЙТОРГ,2018-01-25 21:05:00,842.78
2795,Не известно,2018-01-26 10:50:00,171.8
2796,Бэст Прайс,2018-01-25 18:08:00,55.0
2797,Бэст Прайс,2018-01-25 18:08:00,50.0
2798,Гиперглобус,2018-01-22 15:40:00,2012.3
2800,ТД Нефтьмагистраль,2018-01-22 19:01:00,1930.0
2802,"СемьЯ на Мира, 41",2018-01-26 15:47:00,1912.0
2803,Большая СемьЯ,2018-01-20 20:00:00,4184.43
2804,"СемьЯ на Мира, 41",2018-01-18 21:53:00,1912.5
2805,ТД Перекресток,2018-01-25 15:50:00,1212.2
2806,"СемьЯ на Мира, 41",2018-01-24 19:05:00,1039.05
2807,НАС,2018-01-26 17:18:00,138.9
2808,О ЧМПЗ,2018-01-26 15:03:00,970.9
2809,АГРОТОРГ,2018-01-25 20:33:00,27.0
2810,<Сделай Своими Руками>,2018-01-22 11:47:00,1116.8
2811,АГРОТОРГ,2018-01-22 12:50:00,261.19
2812,Тандер,2018-01-26 15:29:00,186.0
2813,ЛУКОЙЛ-Северо-Западнефтепродукт,2018-01-26 09:15:00,1000.91
2814,АГРОТОРГ,2018-01-26 13:55:00,1298.25
2815,Бирюлево Ритейл,2018-01-26 13:28:00,522.0
2816,Леруа Мерлен Восток,2018-01-25 15:39:00,557.0
2817,АГРОТОРГ,2018-01-24 14:00:00,340.7
2818,Не известно,2017-11-23 12:38:00,165.0
2819,Т и К Продукты,2018-01-05 02:31:00,399.5
2822,Тандер,2018-01-26 18:38:00,488.3
2823,ФОРМАТ,2018-01-21 10:35:04,115.7
2824,Тандер,2018-01-26 18:19:00,612.0
2826,ИП Архипов Сергей Георгиевич,2018-01-20 17:33:00,584.1
2827,Лента,2018-01-20 16:48:00,1292.0
2828,Не известно,2018-01-26 18:43:00,588.85
2829,Бэст Прайс,2018-01-24 14:16:00,50.0
2830,Агроторг,2018-01-26 18:57:00,111.9
2831,,2018-01-26 19:25:00,1139.5
2837,Мегафон Ритейл,2018-01-26 19:17:00,1000.0
2840,Союз Св. Иоанна Воина,2018-01-26 18:13:00,1006.43
2844,Союз Св. Иоанна Воина,2018-01-26 19:49:00,355.4
2845,ДИКСИ Юг,2018-01-26 18:25:05,1100.3
2846,Союз Св. Иоанна Воина,2018-01-25 19:52:00,181.4
2847,Газпромнефть-Центр,2018-01-26 14:11:00,1195.64
2848,RESERVED т.8 (499) 653-55-65 д. 6912013,2018-01-26 19:42:00,499.0
2850,Не известно,2018-01-26 18:57:00,1159.0
2851,Не известно,2018-01-02 16:58:00,802.03
2852,Не известно,2018-01-04 23:16:00,645.6
2853,ТД Интерторг,2018-01-26 20:37:00,474.0
2854,Неотрейд,2018-01-24 13:41:00,100.3
2855,Первоцвет,2018-01-26 17:15:00,1421.0
2856,ННК-Приморнефтепродукт,2018-01-14 20:57:00,999.86
2857,ННК-Приморнефтепродукт,2018-01-11 09:12:00,1000.0
2858,ННК-Приморнефтепродукт,2018-01-26 18:56:00,1000.0
2859,Не известно,2018-01-24 14:17:00,470.6
2860,Не известно,2018-01-21 17:27:00,670.3
2861,Дикси ЮГ,2018-01-26 15:31:00,296.92
2862,Не известно,2018-01-26 18:41:00,366.19
2863,Не известно,2018-01-23 15:32:00,687.73
2864,Не известно,2018-01-25 18:54:00,55.8
2865,Торг ДВ,2018-01-26 22:21:00,434.74
2866,Правильные игрушки,2018-01-16 20:51:00,1983.0
2867,Индивидуальный Предприниматель Деринг А.В.,2018-01-23 12:09:00,319.0
2868,ОЛДИ3,2018-01-26 15:48:00,220.0
2869,Пулл энд Беар СНГ,2018-01-26 18:40:00,2999.0
2870,ТК Прогресс,2018-01-25 14:23:03,934.0
2880,Союз Св. Иоанна Воина,2018-01-13 19:22:00,647.37
2881,НОРМА,2018-01-24 15:57:00,158.0
2882,Не известно,2018-01-27 08:38:00,124.2
2883,Не известно,2018-01-23 21:31:00,1037.0
2884,ТД Перекресток,2018-01-26 20:44:00,977.53
2885,ТД Перекресток,2018-01-26 09:57:00,878.99
2886,ТЕХНОПАРK-Центр,2018-01-03 10:45:00,23990.0
2888,КОРПОРАЦИЯ ГРИНН,2018-01-04 18:47:00,1671.8
2889,Не известно,2018-01-04 16:10:00,404.6
2890,Деликатеска,2018-01-06 00:36:00,1376.9
2891,Лента,2018-01-13 10:29:00,3086.0
2892,Агроторг,2018-01-08 12:53:00,539.54
2893,Деликатеска,2018-01-10 15:35:00,736.16
2894,,2017-11-04 10:32:00,231.0
2895,Лента,2018-01-24 16:43:00,2475.0
2896,Дикси ЮГ,2018-01-17 15:00:00,413.94
2897,Тарасевич И.Ю.,2018-01-15 15:18:00,260.0
2898,Лукойл-Пермнефтепродукт,2018-01-26 10:43:00,1850.87
2899,Не известно,2018-01-24 14:56:00,2035.0
2900,АПТЕКА-А.в.е,2018-01-27 13:09:00,718.74
2901,Не известно,2018-01-27 15:15:00,714.35
2902,Лента,2017-12-04 19:20:00,3495.0
2903,Тандер,2017-12-02 18:44:00,397.0
2904,Не известно,2018-01-26 15:47:00,300.0
2910,Не известно,2018-01-24 13:17:00,172.6
2911,Домовит,2018-01-21 12:08:00,480.0
2912,Виктория Балтия,2018-01-23 14:08:00,81.0
2913,ТД Перекресток,2018-01-24 13:53:00,312.6
2914,Авоська-два,2018-01-24 14:16:00,141.0
2915,Не известно,2018-01-25 12:36:00,203.8
2916,Не известно,2018-01-24 12:01:00,227.14
2917,<Тандер>,2018-01-22 10:36:00,96.56
2918,Общество с ограниченной ответственностью БИЛЛА,2018-01-24 14:33:00,347.22
2919,Агроаспект,2018-01-22 11:54:00,149.23
2920,Не известно,2018-01-22 12:29:00,297.77
2921,Не известно,2018-01-21 18:26:00,55.8
2922,Лента,2018-01-19 13:36:00,103.0
2923,Не известно,2018-01-19 12:56:00,490.38
2924,<Тандер>,2018-01-22 10:31:00,232.89
2925,Не известно,2018-01-16 16:02:00,5613.95
2926,Не известно,2018-01-26 13:53:00,436.0
2927,Не известно,2018-01-09 17:46:00,3521.87
2928,Не известно,2018-01-23 18:17:00,3061.0
2929,Не известно,2017-12-28 12:02:00,1762.49
2930,Кораблик-Р,2017-12-18 15:16:08,1455.0
2931,Не известно,2017-12-26 13:30:00,4994.81
2932,Аджента,2018-01-09 16:42:00,383.0
2933,Общество с Ограниченной Ответственностью <ОнЛайн Трейд>,2017-12-18 14:37:00,4500.0
2934,Айкрафт Люкс,2017-12-20 13:58:00,590.0
2935,АШАН,2017-12-18 16:30:00,2207.81
2937,Не известно,2017-12-20 13:01:00,21.0
2940,АШАН,2018-01-27 16:23:00,1749.64
2941,Эркафарм Северо-запад,2018-01-24 00:48:00,221.0
2942,Дикси Юг,2018-01-23 20:53:00,1306.74
2943,ТД Интерторг,2018-01-27 17:55:00,575.0
2944,Нива,2018-01-27 20:42:48,133.5
2954,АШАН,2018-01-27 14:45:00,2823.67
2955,Бэст Прайс,2018-01-27 17:52:00,347.0
2956,Не известно,2018-01-27 21:43:00,661.62
2959,Одежда 3000,2018-01-27 17:27:16,1008.0
2960,ТД Интерторг,2018-01-27 20:06:00,134.5
2961,ТД Интерторг,2018-01-27 20:10:00,758.5
2962,ИП МУРОМЕЦ В.И.,2018-01-27 22:52:00,276.0
2963,Брянскфармация,2018-01-26 18:31:00,195.7
2964,Агроторг,2018-01-25 18:32:00,26.0
2966,Ритейл,2018-01-22 17:38:57,311.5
2967,Брянскфармация,2018-01-26 17:33:00,498.86
2972,Не известно,2018-01-25 11:26:00,135.07
2973,АТАK,2018-01-26 22:09:00,572.8
2977,МЕРИДИАНА,2018-01-28 12:13:00,361.12
2978,О`КЕЙ,2018-01-09 21:24:00,1298.0
2979,Не известно,2018-01-27 20:38:00,256.0
2980,Не известно,2018-01-27 19:22:00,361.43
2981,Лента,2018-01-27 11:06:00,3169.0
2982,ГРАМОТА,2018-01-28 11:36:33,723.0
2983,ГРАМОТА,2018-01-28 10:51:52,801.0
2985,Не известно,2018-01-28 10:43:00,94.45
2986,АПТЕКА-А.в.е-1,2018-01-25 18:04:00,130.78
2992,Призма,2018-01-28 12:24:00,529.9
2993,Лента,2018-01-28 12:17:00,1257.0
2994,БУРГЕР РУС,2018-01-27 11:18:00,259.0
2995,Дикси ЮГ,2018-01-28 13:03:00,816.73
2996,Тандер,2018-01-26 17:23:00,288.47
2998,Альфа Владимир,2018-01-27 12:19:00,64.67
2999,Лента,2018-01-28 15:50:00,2413.0
3000,Лента,2018-01-28 11:18:00,312.0
3001,Не известно,2018-01-26 18:11:00,1485.24
3002,KОМПАНИЯ АВТОKРЕПЕЖ,2018-01-28 12:18:00,1000.0
3003,Не известно,2018-01-28 11:58:00,504.97
3010,ИП Гурьев И.М.,2018-01-28 17:10:00,249.0
3011,Лента,2018-01-28 11:55:00,1897.0
3012,Не известно,2018-01-27 20:58:00,249.41
3013,Не известно,2018-01-27 20:58:00,63.65
3014,Лента,2018-01-28 13:56:00,622.0
3015,Лента,2018-01-28 15:24:00,517.0
3016,Лента,2018-01-28 14:30:00,248.0
3017,Лента,2018-01-28 13:28:00,761.0
3018,Лента,2018-01-28 13:20:00,100.0
3019,Лента,2018-01-28 13:15:00,52.6
3020,Лента,2018-01-28 14:18:00,19.5
3022,Лента,2018-01-28 14:16:00,211.0
3025,Лента,2018-01-28 14:24:00,177.0
3026,Лента,2018-01-28 14:14:00,120.0
3027,Лента,2018-01-28 11:21:00,1203.0
3028,Лента,2018-01-28 14:54:00,2507.0
3029,Лента,2018-01-28 15:01:00,49.9
3030,Лента,2018-01-28 15:03:00,297.0
3031,Лента,2018-01-28 14:36:00,151.0
3032,Лента,2018-01-28 15:10:00,284.0
3033,Лента,2018-01-28 14:49:00,48.0
3034,Лента,2018-01-28 14:50:00,144.0
3035,Лента,2018-01-28 14:07:00,750.0
3036,Лента,2018-01-28 13:12:00,118.0
3037,Лента,2018-01-28 13:13:00,31.7
3038,Лента,2018-01-28 13:10:00,291.0
3039,Лента,2018-01-28 14:28:00,267.0
3040,Лента,2018-01-28 14:49:00,109.0
3041,Лента,2018-01-28 15:11:00,55.6
3042,Лента,2018-01-28 15:14:00,1179.0
3043,Лента,2018-01-28 15:06:00,78.9
3044,Лента,2018-01-28 14:03:00,830.0
3045,Лента,2018-01-28 12:58:00,205.0
3046,Лента,2018-01-28 12:55:00,25.9
3047,Лента,2018-01-28 12:53:00,1538.0
3048,Лента,2018-01-28 12:44:00,169.0
3049,Лента,2018-01-28 11:22:00,164.0
3050,Лента,2018-01-28 12:41:00,245.0
3051,Лента,2018-01-28 12:34:00,783.0
3052,Лента,2018-01-28 12:33:00,42.8
3053,Лента,2018-01-28 12:33:00,91.7
3054,Лента,2018-01-28 12:26:00,273.0
3055,Лента,2018-01-28 12:16:00,197.0
3056,Лента,2018-01-28 12:03:00,731.0
3057,Лента,2018-01-28 12:02:00,150.0
3058,Лента,2018-01-28 11:53:00,1173.0
3059,Лента,2018-01-28 11:30:00,273.0
3060,Лента,2018-01-28 13:41:00,65.6
3061,Лента,2018-01-28 14:08:00,254.0
3062,Лента,2018-01-28 15:20:00,25.2
3063,Лента,2018-01-28 15:22:00,21.0
3064,Лента,2018-01-28 13:24:00,3.3
3065,Лента,2018-01-28 15:05:00,369.0
3066,Лента,2018-01-28 15:20:00,288.0
3067,Лента,2018-01-28 14:28:00,274.0
3068,Лента,2018-01-28 13:15:00,166.0
3069,Лента,2018-01-28 15:23:00,133.0
3070,Лента,2018-01-28 15:00:00,20.8
3071,Лента,2018-01-28 15:02:00,3.3
3072,Лента,2018-01-28 14:52:00,59.8
3073,Лента,2018-01-28 14:54:00,371.0
3074,Лента,2018-01-28 14:40:00,99.9
3075,Лента,2018-01-28 14:55:00,120.0
3076,Лента,2018-01-28 14:40:00,210.0
3077,Лента,2018-01-28 14:39:00,259.0
3078,Лента,2018-01-28 14:38:00,997.0
3079,Лента,2018-01-28 14:30:00,2763.0
3080,Лента,2018-01-28 14:31:00,1347.0
3081,Не известно,2018-01-28 17:32:00,154.0
3082,Лента,2018-01-28 14:27:00,79.5
3083,Лента,2018-01-28 14:22:00,99.9
3084,Лента,2018-01-28 14:20:00,299.0
3085,Лента,2018-01-28 13:58:00,71.8
3086,Лента,2018-01-28 14:11:00,2271.0
3087,Лента,2018-01-28 14:07:00,87.8
3322,Юма,2018-01-28 21:23:00,1165.24
3323,МЕРИДИАНА,2018-01-28 17:09:00,290.0
3324,ТД,2018-01-28 13:46:00,1097.32
3329,Зайцев Сергей Николаевич,2017-12-30 14:50:00,5770.0
3330,Лента,2018-01-28 12:47:00,470.0
3331,ТК Прогресс,2018-01-27 15:15:33,1282.0
3332,ИП Роздухов М. Е.,2018-01-28 19:24:00,306.56
3335,Не известно,2018-01-29 08:54:00,403.0
3336,Не известно,2018-01-29 09:04:00,145.25
3337,Тандер,2018-01-27 18:05:00,1920.66
3338,РозТех27,2018-01-28 19:28:00,3970.0
3339,Бургер Рус,2018-01-29 09:30:00,85.0
3340,Центральный банк Российской Федерации,2018-01-29 09:05:00,208.19
3341,Тандер,2018-01-29 10:34:00,877.56
3342,Агроторг,2018-01-29 12:20:00,701.51
3343,"г.Котельники,1й Покровский пр-д.,д.4",2018-01-25 17:26:00,9988.0
3344,,2018-01-28 17:46:00,699.47
3345,МАКДОНАЛДС,2018-01-17 21:34:47,600.0
3346,Агроторг,2018-01-28 12:38:00,980.7
3347,Агроторг,2018-01-22 13:52:00,995.94
3348,БОКАРНЕЯ,2018-01-28 17:19:00,3020.0
3349,Не известно,2018-01-23 15:47:00,1822.34
3350,Агроторг,2018-01-24 21:59:00,775.74
3351,Не известно,2018-01-27 13:15:00,10574.0
3352,Бургер Рус,2018-01-29 14:51:00,635.6
3353,Тандер,2018-01-29 18:40:00,840.14
3354,АШАН,2018-01-29 15:55:00,1159.34
3355,СМАРТ,2018-01-29 20:15:00,1672.31
3356,Агроторг,2018-01-18 18:50:00,463.38
3357,ЛОТОС-РИТЕЙЛ,2018-01-29 14:54:00,359.0
3358,Не известно,2018-01-25 13:50:00,710.0
3360,Не известно,2018-01-25 10:07:00,806.0
3361,Дикси ЮГ,2018-01-25 09:43:00,905.0
3362,Твой Дом,2018-01-27 12:17:00,199.0
3363,Тандер,2018-01-29 18:34:00,505.95
3364,Тандер,2018-01-23 19:47:00,354.0
3365,Тандер,2018-01-25 19:39:00,280.0
3366,ЛУКОЙЛ-Центрнефтепродукт,2018-01-27 09:21:00,1232.1
3367,АГРОТОРГ,2018-01-28 15:13:00,288.35
3368,АГРОТОРГ,2018-01-28 13:59:00,880.0
3369,АГРОТОРГ,2018-01-28 19:05:00,1053.0
3370,Не известно,2018-01-21 15:18:00,167.7
3371,ТД Интерторг,2018-01-06 12:50:00,990.5
3372,ТД Интерторг,2018-01-21 15:31:00,216.0
3373,НОРМАН СПб,2017-12-29 19:52:00,95.0
3374,ТД Интерторг,2018-01-06 15:55:00,199.5
3375,СИРИУС,2018-01-18 13:18:00,200.0
3376,Тандер,2018-01-14 14:16:00,365.34
3377,Тандер,2018-01-07 15:39:00,644.73
3378,Не известно,2018-01-29 14:52:00,157.7
3379,ПродвижениеФарм,2018-01-29 14:48:00,216.0
3380,Тандер,2018-01-29 15:03:00,113.3
3381,Тандер,2018-01-28 12:21:00,463.0
3382,Тандер,2018-01-28 17:22:00,499.3
3383,Дикси ЮГ,2018-01-29 19:48:00,277.0
3384,Аптека 5+,2018-01-27 14:38:00,56.0
3385,Агроторг,2018-01-26 16:42:00,22.0
3386,Табер Трейд,2018-01-27 15:59:12,350.0
3387,КД,2018-01-29 20:37:00,439.58
3388,Авоська-два,2018-01-29 20:46:00,131.0
3389,Дикси Юг,2018-01-29 21:03:00,143.0
3390,Диалог Запад,2018-01-29 20:23:00,39.0
3391,Бэст Прайс,2018-01-28 18:53:00,25.0
3392,ТД Интерторг,2018-01-29 21:48:00,1090.0
3394,Максидом,2018-01-28 20:57:00,186.0
3395,З МОСКВА-МАКДОНАЛДС,2018-01-30 08:03:42,227.0
3396,ОТКРЫТОЕ АКЦИОНЕРНОЕ ОБЩЕСТВО СУРГУТНЕФТЕГАЗ,2018-01-29 12:38:00,196.89
3397,Не известно,2017-12-07 19:51:00,33980.0
3398,ОБЩЕСТВО С ОГРАНИЧЕННОЙ ОТВЕТСВЕННОСТЬЮ СПОРТМАСТЕР,2017-12-31 13:15:00,5563.0
3399,ИП Деханова Татьяна Николаевна,2018-01-27 15:57:00,34.0
3400,КОРПОРАЦИЯ ГРИНН,2018-01-26 22:16:00,313.6
3402,Не известно,2018-01-30 09:30:00,792.0
3403,Гиперглобус,2018-01-28 14:33:00,2837.55
3404,Не известно,2018-01-30 11:09:00,2093.86
3405,ДНС-Альтаир,2017-11-29 11:21:00,1989.0
3406,Первомайская 90,2018-01-30 09:16:00,447.1
3407,Агроторг,2018-01-26 21:09:00,210.3
3408,Агроторг,2018-01-25 18:12:00,462.74
3409,"Элемент-Трейд                            Сургут, Мира 15",2018-01-29 18:38:00,654.0
3410,Камелот-А,2018-01-20 16:03:00,388.0
3411,ВОЛKОВА ЛИДИЯ НИKОЛАЕВНА,2018-01-18 18:00:00,1205.0
3412,Не известно,2018-01-30 16:01:00,643.1
3413,ГРЕЙС 17,2018-01-30 16:07:00,717.5
3414,"Элемент-Трейд                            Сургут, Мира 15",2018-01-30 14:47:00,471.0
3415,Агроторг,2018-01-30 12:33:00,371.69
3416,Не известно,2018-01-29 17:35:00,177.0
3417,Тандер,2018-01-21 17:55:00,920.2
3418,СКППК,2018-01-27 14:36:00,50.0
3419,СКППК,2018-01-27 14:36:00,17.5
3435,Не известно,2018-01-30 19:00:00,546.13
3436,Тандер,2018-01-27 16:33:00,2742.72
3437,Не известно,2018-01-29 16:02:00,158.0
3438,Лабиринт.РУ,2018-01-25 00:52:00,1279.0
3439,1,2018-01-08 15:47:00,499.95
3446,ИП Роздухов М. Е.,2018-01-22 19:28:00,881.18
3447,Агроторг,2018-01-26 16:12:00,997.0
3448,ИП Роздухов М. Е.,2018-01-24 21:09:00,1331.0
3456,Тандер,2018-01-30 18:07:00,810.48
3459,Тандер,2018-01-30 17:02:00,190.2
3461,О'КЕЙ,2018-01-30 11:21:00,1033.0
3465,Заман,2018-01-30 17:34:00,420.0
3466,Газпромнефть - Центр,2018-01-30 17:16:00,848.0
3467,Сатурн,2018-01-24 13:39:00,670.0
3468,Не известно,2018-01-30 14:47:00,1309.0
3469,ТД Перекресток,2018-01-28 19:28:00,866.0
3470,Дикси ЮГ,2018-01-27 14:39:00,753.0
3471,О'КЕЙ,2018-01-26 20:10:00,93.0
3472,ГЛОБАЛ ФУД УФА,2018-01-30 20:31:27,573.0
3473,Не известно,2018-01-30 20:18:00,697.8
3474,Лента,2018-01-30 21:59:00,6033.0
3475,Агроторг,2018-01-30 21:18:00,276.0
3476,Виктория Балтия,2018-01-30 15:00:00,241.0
3477,Не известно,2018-01-29 14:32:00,88.0
3478,Агроаспект,2018-01-29 13:15:00,49.9
3479,Не известно,2018-01-29 13:52:00,89.8
3480,Тандер,2018-01-29 14:51:00,117.93
3482,АШАН,2018-01-30 18:23:00,3441.24
3483,ДЕТСКИЙ МИР,2018-01-30 20:17:00,3508.0
3484,Дикси ЮГ,2018-01-30 20:51:00,930.04
3485,Не известно,2018-01-28 12:26:00,2018.86
3486,Бэст Прайс,2018-01-30 14:02:00,165.0
3487,Не известно,2018-01-30 14:26:00,225.89
3517,Тандер,2018-01-30 20:12:00,254.3
3518,Розница К-1,2018-01-30 20:00:00,704.38
3519,СМАРТ,2018-01-29 21:41:00,479.0
3520,Лента,2018-01-30 11:59:00,4440.0
3521,Не известно,2018-01-29 16:40:00,1013.5
3522,РАДИУС,2018-01-31 13:13:00,851.47
3523,МЕРИДИАНА,2018-01-31 15:31:00,313.0
3524,ЛУКОЙЛ-Северо-Западнефтепродукт,2018-01-31 09:21:00,1201.32
3525,ПродМир,2018-01-31 10:39:00,123.0
3526,Kалина-3,2018-01-31 11:50:00,101.0
3527,ТД Интерторг,2018-01-30 20:12:00,858.0
3528,ТД ГУМ,2018-01-25 16:35:00,550.0
3529,Не известно,2018-01-30 16:14:00,610.94
3530,ИП Бажин Ю.В.,2018-01-31 17:56:30,484.77
3531,АПТЕКА-А.в.е,2018-01-31 11:41:00,80.0
3532,Новый Книжный М,2018-01-31 10:57:52,511.0
3533,Не известно,2018-01-31 10:49:00,75.0
3534,Индивидуальный предприниматель Шумский Илья Николаевич,2018-01-31 10:09:00,199.0
3535,П ТД Холдинг-Центр,2018-01-31 11:44:00,104.0
3536,Не известно,2018-01-30 21:10:00,37.8
3537,Дикси ЮГ,2018-01-22 01:19:00,188.78
3538,Липецкцемент,2018-01-29 12:02:00,35.5
3540,Мегафон Ритейл,2018-01-31 10:32:00,400.0
3541,СМАРТ,2018-01-12 12:12:00,189.92
3542,Бургер Рус,2018-01-30 20:08:00,298.0
3543,ТАВРИДАНЕФТЕПРОДУКТ,2018-01-31 14:50:00,500.14
3544,ТОРГОВЫЙ ДОМ,2018-01-31 10:32:00,500.0
3545,Тандер,2018-01-31 12:53:00,670.64
3553,Не известно,2018-01-23 19:09:00,441.56
3554,Тандер,2018-01-28 15:02:00,31.0
3555,Тандер,2018-01-31 15:44:00,1790.49
3556,ОБЩЕСТВО С ОГРАНИЧЕННОЙ ОТВЕТСТВЕННОСТЬЮ ДИСKОНТ-ЭKСПРЕСС,2018-01-31 19:04:00,245.25
3557,Юлплейс,2018-01-31 17:33:00,790.0
3558,Заман,2018-01-31 17:54:00,70.0
3559,На Высоте,2018-01-09 10:12:00,3144.93
3560,Не известно,2018-01-31 17:24:00,266.17
3561,Тандер,2018-01-31 19:42:00,241.2
3562,Не известно,2018-01-31 18:19:00,794.8
3563,Не известно,2018-01-31 17:43:00,188.41
3564,Не известно,2018-01-31 17:51:00,262.1
3565,,2018-01-31 19:02:00,347.0
3566,ГЛОБУС-ПРЕСС ХХI,2018-01-31 19:05:55,596.0
3567,Не известно,2018-01-31 18:59:00,89.0
3568,ОБЩЕСТВО С ОГРАНИЧЕННОЙ ОТВЕТСТВЕННОСТЬЮ СПОРТМАСТЕР,2018-01-31 19:08:00,179.0
3569,О'КЕЙ,2018-01-27 15:56:00,1711.0
3581,Призма,2018-01-31 15:54:00,1622.6
3585,Ритейл,2018-01-29 18:35:00,190.0
3586,Тандер,2018-01-31 18:40:00,1306.0
3588,Брянскфармация,2018-01-31 18:17:00,568.25
3589,ВИКТОРИЯ,2018-01-28 16:45:00,43.5
3590,Не известно,2018-01-30 18:04:00,27.9
3591,Не известно,2018-01-31 12:04:00,88.0
3592,Не известно,2018-01-31 11:28:00,26.0
3594,Торг-центр,2017-12-15 10:40:00,115.0
3595,О'КЕЙ,2018-01-31 22:01:00,2527.5
3596,Спектр Групп,2018-01-31 20:12:00,449.1
3597,СЕТЬ РОЗНИЧНОЙ ТОРГОВЛИ-ВОРОНЕЖ,2018-01-31 19:19:46,159.0
3598,Гиперглобус,2018-01-31 10:04:00,6378.81
3599,Не известно,2018-01-31 18:05:00,619.49
3600,Союз Св. Иоанна Воина,2018-01-31 19:03:00,167.7
3601,"Фреш Маркет                      140170, МО, г. Бронницы",2018-01-31 10:05:00,1286.0
3602,Не известно,2018-01-13 17:25:00,218.0
3603,Агроторг,2018-02-01 09:38:00,635.28
3604,Бургер Рус,2018-02-01 09:14:00,85.0
3605,АТАК,2018-01-31 11:59:00,22.0
3606,Не известно,2018-02-01 08:58:00,13.9
3607,,2018-01-24 15:55:00,263.17
3608,ТК ТЕХЭНЕРГОРЕСУРС,2018-02-01 09:11:00,999.92
3609,Почта России,2018-02-01 10:13:00,36.0
3610,Не известно,2018-02-01 11:08:00,1636.89
3611,Не известно,2018-01-31 23:34:00,3621.63
3612,ДЕТСКИЙ МИР,2018-02-01 14:11:00,1863.1
3613,Лабиринт-Волга,2018-02-01 13:45:00,66.79
3614,Не известно,2018-02-01 12:46:00,1511.71
3615,Не известно,2018-01-31 20:05:00,114.7
3616,Дикси Юг,2018-02-01 14:14:00,161.15
3617,ГАСТРОНОМ,2018-02-01 13:38:00,316.0
3618,Камелот-А,2018-02-01 07:49:00,100.0
3619,Камелот-А,2018-01-30 07:54:00,159.5
3620,Лента,2018-01-28 14:12:00,238.0
3621,Лента,2018-01-26 11:24:00,113.0
3622,Не известно,2018-02-01 15:34:00,85.0
3623,Не известно,2018-02-01 15:35:00,204.41
3624,Заман,2018-02-01 17:13:00,215.0
3625,ИП Черных Анишка Шагеновна               ИНН 862300107100,2018-02-01 18:15:00,257.83
3626,Не известно,2018-02-01 18:01:00,830.29
3627,Не известно,2018-02-01 14:44:00,830.34
3628,Дикси ЮГ,2018-01-30 21:32:00,701.48
3632,Не известно,2018-02-01 17:41:00,79.0
3633,Тандер,2018-02-01 10:57:00,18.9
3634,Не известно,2018-02-01 13:45:00,39.8
3635,Смак-Гурмэ,2018-02-01 13:17:26,76.6
3636,ПЭК,2018-02-01 10:39:00,600.0
3637,Тандер,2018-02-01 17:02:00,760.0
3639,Не известно,2018-02-01 17:18:00,843.9
3640,Исупов Н.А.,2018-02-01 15:33:00,3850.0
3641,Тандер,2018-02-01 18:53:00,4906.97
3642,Не известно,2018-02-01 18:59:00,629.0
3643,ЛФТ РУС,2018-01-21 17:21:00,2398.0
3644,Тандер,2018-02-01 20:17:00,278.0
3645,Не известно,2018-02-01 20:10:00,1057.66
3646,О'КЕЙ,2018-01-30 19:43:00,198.5
3647,О'КЕЙ,2018-01-30 20:43:00,218.0
3648,Не известно,2018-02-01 17:34:00,1004.03
3649,О'КЕЙ,2018-01-30 20:12:00,93.0
3650,О'КЕЙ,2018-01-30 19:39:00,33.0
3651,О'КЕЙ,2018-01-30 19:56:00,468.5
3652,О'КЕЙ,2018-01-30 19:25:00,526.5
3653,О'КЕЙ,2018-01-30 19:39:00,324.5
3654,О'КЕЙ,2018-01-30 19:43:00,382.5
3655,О'КЕЙ,2018-01-30 19:46:00,180.9
3656,О'КЕЙ,2018-01-30 21:01:00,336.5
3657,О'КЕЙ,2018-01-30 21:07:00,535.5
3658,О'КЕЙ,2018-01-30 20:33:00,308.0
3659,О'КЕЙ,2018-01-30 19:41:00,53.5
3660,О'КЕЙ,2018-01-30 20:39:00,119.5
3661,О'КЕЙ,2018-01-30 21:03:00,85.0
3662,О'КЕЙ,2018-01-30 21:02:00,182.5
3663,О'КЕЙ,2018-01-30 19:45:00,229.0
3664,Лента,2018-01-30 19:41:00,438.0
3665,Лента,2018-01-30 20:46:00,257.0
3666,Лента,2018-01-30 19:06:00,605.0
3667,Лента,2018-01-30 19:21:00,41.1
3668,Лента,2018-01-30 18:45:00,277.0
3669,Лента,2018-01-30 18:40:00,202.0
3670,Лента,2018-01-30 20:29:00,659.0
3671,Лента,2018-01-30 17:26:00,279.0
3672,Лента,2018-01-30 19:03:00,1779.0
3673,Лента,2018-01-30 19:26:00,39.0
3674,Лента,2018-01-30 19:38:00,543.0
3675,Лента,2018-01-30 19:54:00,130.0
3676,Лента,2018-01-30 19:55:00,77.2
3677,Лента,2018-01-30 19:58:00,43.1
3678,Лента,2018-01-30 19:24:00,810.0
3679,Лента,2018-01-30 19:22:00,795.0
3680,Лента,2018-01-30 19:13:00,263.0
3681,Лента,2018-01-30 18:51:00,644.0
3682,Лента,2018-01-30 19:07:00,199.0
3683,Лента,2018-01-30 18:42:00,335.0
3684,Лента,2018-01-30 19:21:00,347.0
3685,Лента,2018-01-30 20:45:00,8.5
3686,Лента,2018-01-30 18:51:00,949.0
3687,Лента,2018-01-30 20:12:00,241.0
3688,Лента,2018-01-30 20:26:00,75.8
3689,Лента,2018-01-30 20:26:00,443.0
3690,Лента,2018-01-30 20:58:00,204.0
3691,Лента,2018-01-30 20:52:00,866.0
3692,Лента,2018-01-30 20:16:00,3007.0
3693,Лента,2018-01-30 20:22:00,89.9
3694,Лента,2018-01-30 19:52:00,24.9
3695,Лента,2018-01-30 19:52:00,34.8
3697,Лента,2018-01-30 20:56:00,5.9
3698,Лента,2018-01-30 20:27:00,635.0
3699,Лента,2018-01-30 18:53:00,569.0
3700,Лента,2018-01-30 20:57:00,36.3
3767,Агроторг,2018-01-30 17:34:00,1780.98
3821,ИКС 5 Гипер,2018-02-02 19:43:00,1064.12
3822,Агроторг,2018-02-01 17:25:00,882.99
3823,Лента,2018-01-31 19:17:00,122.0
3824,Не известно,2018-01-09 21:47:00,890.0
3825,Не известно,2017-12-31 14:15:00,490.0
3826,Не известно,2018-01-09 21:24:00,990.0
3827,Не известно,2018-01-13 11:04:00,1590.0
3828,Не известно,2017-12-24 11:55:00,530.0
3832,Не известно,2018-01-29 20:20:00,11990.0
3833,Не известно,2017-12-31 14:19:00,35.0
3834,Лента,2018-02-01 16:37:00,1462.0
3835,Альфа,2018-02-02 12:46:00,159.9
3836,Альфа,2018-02-01 14:58:00,70.6
3837,АЗС-ЛЮКС,2018-02-02 13:40:00,800.0
3838,Не известно,2018-02-02 09:29:00,566.9
3839,ГрандТорг,2018-02-02 15:04:00,2295.5
3840,Объединение Родина,2018-02-02 11:34:00,69.85
3841,Лента,2018-02-02 12:52:00,908.0
3842,Бургер Рус,2018-02-02 12:24:01,1045.4
3856,Не известно,2018-02-02 12:38:00,127.95
3857,АТАК,2018-01-29 16:27:00,1260.56
3858,ОБЩЕСТВО С ОГРАНИЧЕННОЙ ОТВЕТСТВЕННОСТЬЮ АШАН,2018-01-31 21:17:00,805.89
3859,ПУБЛИЧНОЕ АKЦИОНЕРНОЕ ОБЩЕСТВО НK РОСНЕФТЬ - МУРМАНСKНЕФТЕПРОДУKТ,2018-01-06 17:22:00,999.65
3860,АТАК,2018-01-25 12:17:00,798.52
3861,ОБЩЕСТВО С ОГРАНИЧЕННОЙ ОТВЕТСТВЕННОСТЬЮ АШАН,2018-01-24 11:56:00,1272.46
3862,Тандер,2018-02-02 12:59:00,82.0
3876,,2018-02-02 16:40:00,362.0
3883,ПанKлуб,2018-01-13 20:50:00,3490.0
3892,ПЛАНЕТА ТМ,2018-02-02 16:45:00,1115.0
3893,ОБЩЕСТВО С ОГРАНИЧЕННОЙ ОТВЕТСТВЕННОСТЬЮ АШАН,2018-01-30 20:23:00,555.01
3894,ТД Перекресток,2018-01-26 20:44:00,101.8
3895,ОБЩЕСТВО С ОГРАНИЧЕННОЙ ОТВЕТСТВЕННОСТЬЮ АШАН,2018-01-22 21:16:00,1873.1
3896,УЛЬМАС-А,2018-01-24 18:55:00,854.4
3897,ОЙЛ-ТЭК,2018-02-02 18:46:00,999.74
3898,Дикси ЮГ,2018-01-02 13:18:00,163.6
3899,РН-Москва,2018-02-02 19:25:00,376.0
3900,Неотрейд,2018-02-02 20:17:00,323.84
3901,Одежда 3000,2018-02-02 19:36:44,1505.0
3902,Бэст Прайс,2018-02-02 18:50:00,100.0
3903,ВЕМЕС,2018-01-30 07:43:00,879.69
3904,ВЕМЕС,2018-01-31 07:57:00,1000.22
3905,Дрогери ритейл,2018-02-02 16:30:00,982.0
3906,Тандер,2018-02-02 16:02:00,1632.86
3907,Союз Св. Иоанна Воина,2018-02-02 19:47:00,129.9
3908,Тандер,2018-01-29 15:56:00,1016.37
3909,АГРОАСПЕКТ,2018-01-27 14:32:00,698.77
3910,Не известно,2018-01-31 15:35:00,526.0
3911,АГРОАСПЕКТ,2018-02-02 21:25:00,1133.0
3912,Лента,2018-01-29 20:06:00,1502.0
3913,Центральная ППК,2018-01-28 22:15:00,66.0
3914,Не известно,2018-01-29 14:22:00,176.0
3915,АГРОТОРГ,2018-01-31 16:54:00,58.0
3916,АГРОТОРГ,2018-01-31 19:06:00,93.0
3917,АГРОТОРГ,2018-02-02 16:58:00,42.2
3918,АГРОТОРГ,2018-02-02 17:39:00,91.7
3919,Газпромнефть-Центр,2018-02-02 16:16:00,1194.0
3920,Не известно,2018-02-02 18:32:00,59.0
3921,Дикси ЮГ,2018-01-28 15:06:00,493.7
3922,ВТК,2018-02-03 07:25:00,500.0
3923,АЗК ВТК,2018-02-02 08:00:00,780.0
3926,Аэроэкспресс,2017-11-19 09:57:00,950.0
3928,Аэроэкспресс,2017-11-19 19:55:00,950.0
3929,Аэроэкспресс,2017-11-19 09:56:00,950.0
3936,Лента,2018-02-03 10:18:00,1151.0
3937,СПАР МИДДЛ ВОЛГА,2018-02-03 10:39:00,6364.66
3938,ИП Нагорных Иван Андреевич,2018-01-14 14:48:00,2500.0
3939,Не известно,2018-02-03 13:57:00,996.17
3940,ИП Черных Анишка Шагеновна               ИНН 862300107100,2018-02-03 14:14:00,1023.16
3941,Петролстарт,2018-01-27 14:34:00,1592.4
3942,ОЛЕФИРОВА ТАТЬЯНА ВАЛЕНТИНОВНА,2018-02-03 14:28:00,279.0
3943,,2018-02-03 14:43:00,106.98
